LynkUserID,Password
DEMOG,DEMOG1
DEM0000179 ,6N4T6GBG5Z
DEM0000180,SYB98GBR8Z
DEM0000181,XXVRNZ9Z5Q
DEM0000182,W9MMNAH3XH
DEM0000183,GAH6V745ET
DEM0000184,RJ9WRSKJJP
DEM0000185,WX4437UDAR
DEM0000186,BBCQ2BVXGU
DEM0000187,9YWMH86EAP
DEM0000188,EYBPG5PHV5
DEM0000189,EDSGQAHKVV
DEM0000190,47EZ9VW7EZ
DEM0000191,79YGMKNKKS
DEM0000192,RZ3KKD6NB6
DEM0000193,2DWGWUWVRP
DEM0000194,6R5B7A36P7
DEMOG,DEMOG1
DEM0000179 ,6N4T6GBG5Z
DEM0000180,SYB98GBR8Z
DEM0000181,XXVRNZ9Z5Q
DEM0000182,W9MMNAH3XH
DEM0000183,GAH6V745ET
DEM0000184,RJ9WRSKJJP
DEM0000185,WX4437UDAR
DEM0000186,BBCQ2BVXGU
DEM0000187,9YWMH86EAP
DEM0000188,EYBPG5PHV5
DEM0000189,EDSGQAHKVV
DEM0000190,47EZ9VW7EZ
DEM0000191,79YGMKNKKS
DEM0000192,RZ3KKD6NB6
DEM0000193,2DWGWUWVRP
DEM0000194,6R5B7A36P7
DEMOG,DEMOG1
DEM0000179 ,6N4T6GBG5Z
DEM0000180,SYB98GBR8Z
DEM0000181,XXVRNZ9Z5Q
DEM0000182,W9MMNAH3XH
DEM0000183,GAH6V745ET
DEM0000184,RJ9WRSKJJP
DEM0000185,WX4437UDAR
DEM0000186,BBCQ2BVXGU
DEM0000187,9YWMH86EAP
DEM0000188,EYBPG5PHV5
DEM0000189,EDSGQAHKVV
DEM0000190,47EZ9VW7EZ
DEM0000191,79YGMKNKKS
DEM0000192,RZ3KKD6NB6
DEM0000193,2DWGWUWVRP
DEM0000194,6R5B7A36P7
DEMOG,DEMOG1
DEM0000179 ,6N4T6GBG5Z
DEM0000180,SYB98GBR8Z
DEM0000181,XXVRNZ9Z5Q
DEM0000182,W9MMNAH3XH
DEM0000183,GAH6V745ET
DEM0000184,RJ9WRSKJJP
DEM0000185,WX4437UDAR
DEM0000186,BBCQ2BVXGU
DEM0000187,9YWMH86EAP
DEM0000188,EYBPG5PHV5
DEM0000189,EDSGQAHKVV
DEM0000190,47EZ9VW7EZ
DEM0000191,79YGMKNKKS
DEM0000192,RZ3KKD6NB6
DEM0000193,2DWGWUWVRP
DEM0000194,6R5B7A36P7
DEMOG,DEMOG1
DEM0000179 ,6N4T6GBG5Z
DEM0000180,SYB98GBR8Z
DEM0000181,XXVRNZ9Z5Q
DEM0000182,W9MMNAH3XH
DEM0000183,GAH6V745ET
DEM0000184,RJ9WRSKJJP
DEM0000185,WX4437UDAR
DEM0000186,BBCQ2BVXGU
DEM0000187,9YWMH86EAP
DEM0000188,EYBPG5PHV5
DEM0000189,EDSGQAHKVV
DEM0000190,47EZ9VW7EZ
DEM0000191,79YGMKNKKS
DEM0000192,RZ3KKD6NB6
DEM0000193,2DWGWUWVRP
DEM0000194,6R5B7A36P7
DEMOG,DEMOG1
DEM0000179 ,6N4T6GBG5Z
DEM0000180,SYB98GBR8Z
DEM0000181,XXVRNZ9Z5Q
DEM0000182,W9MMNAH3XH
DEM0000183,GAH6V745ET
DEM0000184,RJ9WRSKJJP
DEM0000185,WX4437UDAR
DEM0000186,BBCQ2BVXGU
DEM0000187,9YWMH86EAP
DEM0000188,EYBPG5PHV5
DEM0000189,EDSGQAHKVV
DEM0000190,47EZ9VW7EZ
DEM0000191,79YGMKNKKS
DEM0000192,RZ3KKD6NB6
DEM0000193,2DWGWUWVRP
DEM0000194,6R5B7A36P7
DEMOG,DEMOG1
DEM0000179 ,6N4T6GBG5Z
DEM0000180,SYB98GBR8Z
DEM0000181,XXVRNZ9Z5Q
DEM0000182,W9MMNAH3XH
DEM0000183,GAH6V745ET
DEM0000184,RJ9WRSKJJP
DEM0000185,WX4437UDAR
DEM0000186,BBCQ2BVXGU
DEM0000187,9YWMH86EAP
DEM0000188,EYBPG5PHV5
DEM0000189,EDSGQAHKVV
DEM0000190,47EZ9VW7EZ
DEM0000191,79YGMKNKKS
DEM0000192,RZ3KKD6NB6
DEM0000193,2DWGWUWVRP
DEM0000194,6R5B7A36P7
DEMOG,DEMOG1
DEM0000179 ,6N4T6GBG5Z
DEM0000180,SYB98GBR8Z
DEM0000181,XXVRNZ9Z5Q
DEM0000182,W9MMNAH3XH
DEM0000183,GAH6V745ET
DEM0000184,RJ9WRSKJJP
DEM0000185,WX4437UDAR
DEM0000186,BBCQ2BVXGU
DEM0000187,9YWMH86EAP
DEM0000188,EYBPG5PHV5
DEM0000189,EDSGQAHKVV
DEM0000190,47EZ9VW7EZ
DEM0000191,79YGMKNKKS
DEM0000192,RZ3KKD6NB6
DEM0000193,2DWGWUWVRP
DEM0000194,6R5B7A36P7
DEMOG,DEMOG1
DEM0000179 ,6N4T6GBG5Z
DEM0000180,SYB98GBR8Z
DEM0000181,XXVRNZ9Z5Q
DEM0000182,W9MMNAH3XH
DEM0000183,GAH6V745ET
DEM0000184,RJ9WRSKJJP
DEM0000185,WX4437UDAR
DEM0000186,BBCQ2BVXGU
DEM0000187,9YWMH86EAP
DEM0000188,EYBPG5PHV5
DEM0000189,EDSGQAHKVV
DEM0000190,47EZ9VW7EZ
DEM0000191,79YGMKNKKS
DEM0000192,RZ3KKD6NB6
DEM0000193,2DWGWUWVRP
DEM0000194,6R5B7A36P7
DEMOG,DEMOG1
DEM0000179 ,6N4T6GBG5Z
DEM0000180,SYB98GBR8Z
DEM0000181,XXVRNZ9Z5Q
DEM0000182,W9MMNAH3XH
DEM0000183,GAH6V745ET
DEM0000184,RJ9WRSKJJP
DEM0000185,WX4437UDAR
DEM0000186,BBCQ2BVXGU
DEM0000187,9YWMH86EAP
DEM0000188,EYBPG5PHV5
DEM0000189,EDSGQAHKVV
DEM0000190,47EZ9VW7EZ
DEM0000191,79YGMKNKKS
DEM0000192,RZ3KKD6NB6
DEM0000193,2DWGWUWVRP
DEM0000194,6R5B7A36P7
DEMOG,DEMOG1
DEM0000179 ,6N4T6GBG5Z
DEM0000180,SYB98GBR8Z
DEM0000181,XXVRNZ9Z5Q
DEM0000182,W9MMNAH3XH
DEM0000183,GAH6V745ET
DEM0000184,RJ9WRSKJJP
DEM0000185,WX4437UDAR
DEM0000186,BBCQ2BVXGU
DEM0000187,9YWMH86EAP
DEM0000188,EYBPG5PHV5
DEM0000189,EDSGQAHKVV
DEM0000190,47EZ9VW7EZ
DEM0000191,79YGMKNKKS
DEM0000192,RZ3KKD6NB6
DEM0000193,2DWGWUWVRP
DEM0000194,6R5B7A36P7
DEMOG,DEMOG1
DEM0000179 ,6N4T6GBG5Z
DEM0000180,SYB98GBR8Z
DEM0000181,XXVRNZ9Z5Q
DEM0000182,W9MMNAH3XH
DEM0000183,GAH6V745ET
DEM0000184,RJ9WRSKJJP
DEM0000185,WX4437UDAR
DEM0000186,BBCQ2BVXGU
DEM0000187,9YWMH86EAP
DEM0000188,EYBPG5PHV5
DEM0000189,EDSGQAHKVV
DEM0000190,47EZ9VW7EZ
DEM0000191,79YGMKNKKS
DEM0000192,RZ3KKD6NB6
DEM0000193,2DWGWUWVRP
DEM0000194,6R5B7A36P7
DEMOG,DEMOG1
DEM0000179 ,6N4T6GBG5Z
DEM0000180,SYB98GBR8Z
DEM0000181,XXVRNZ9Z5Q
DEM0000182,W9MMNAH3XH
DEM0000183,GAH6V745ET
DEM0000184,RJ9WRSKJJP
DEM0000185,WX4437UDAR
DEM0000186,BBCQ2BVXGU
DEM0000187,9YWMH86EAP
DEM0000188,EYBPG5PHV5
DEM0000189,EDSGQAHKVV
DEM0000190,47EZ9VW7EZ
DEM0000191,79YGMKNKKS
DEM0000192,RZ3KKD6NB6
DEM0000193,2DWGWUWVRP
DEM0000194,6R5B7A36P7
DEMOG,DEMOG1
DEM0000179 ,6N4T6GBG5Z
DEM0000180,SYB98GBR8Z
DEM0000181,XXVRNZ9Z5Q
DEM0000182,W9MMNAH3XH
DEM0000183,GAH6V745ET
DEM0000184,RJ9WRSKJJP
DEM0000185,WX4437UDAR
DEM0000186,BBCQ2BVXGU
DEM0000187,9YWMH86EAP
DEM0000188,EYBPG5PHV5
DEM0000189,EDSGQAHKVV
DEM0000190,47EZ9VW7EZ
DEM0000191,79YGMKNKKS
DEM0000192,RZ3KKD6NB6
DEM0000193,2DWGWUWVRP
DEM0000194,6R5B7A36P7
DEMOG,DEMOG1
DEM0000179 ,6N4T6GBG5Z
DEM0000180,SYB98GBR8Z
DEM0000181,XXVRNZ9Z5Q
DEM0000182,W9MMNAH3XH
DEM0000183,GAH6V745ET
DEM0000184,RJ9WRSKJJP
DEM0000185,WX4437UDAR
DEM0000186,BBCQ2BVXGU
DEM0000187,9YWMH86EAP
DEM0000188,EYBPG5PHV5
DEM0000189,EDSGQAHKVV
DEM0000190,47EZ9VW7EZ
DEM0000191,79YGMKNKKS
DEM0000192,RZ3KKD6NB6
DEM0000193,2DWGWUWVRP
DEM0000194,6R5B7A36P7
DEMOG,DEMOG1
DEM0000179 ,6N4T6GBG5Z
DEM0000180,SYB98GBR8Z
DEM0000181,XXVRNZ9Z5Q
DEM0000182,W9MMNAH3XH
DEM0000183,GAH6V745ET
DEM0000184,RJ9WRSKJJP
DEM0000185,WX4437UDAR
DEM0000186,BBCQ2BVXGU
DEM0000187,9YWMH86EAP
DEM0000188,EYBPG5PHV5
DEM0000189,EDSGQAHKVV
DEM0000190,47EZ9VW7EZ
DEM0000191,79YGMKNKKS
DEM0000192,RZ3KKD6NB6
DEM0000193,2DWGWUWVRP
DEM0000194,6R5B7A36P7
DEMOG,DEMOG1
DEM0000179 ,6N4T6GBG5Z
DEM0000180,SYB98GBR8Z
DEM0000181,XXVRNZ9Z5Q
DEM0000182,W9MMNAH3XH
DEM0000183,GAH6V745ET
DEM0000184,RJ9WRSKJJP
DEM0000185,WX4437UDAR
DEM0000186,BBCQ2BVXGU
DEM0000187,9YWMH86EAP
DEM0000188,EYBPG5PHV5
DEM0000189,EDSGQAHKVV
DEM0000190,47EZ9VW7EZ
DEM0000191,79YGMKNKKS
DEM0000192,RZ3KKD6NB6
DEM0000193,2DWGWUWVRP
DEM0000194,6R5B7A36P7
DEMOG,DEMOG1
DEM0000179 ,6N4T6GBG5Z
DEM0000180,SYB98GBR8Z
DEM0000181,XXVRNZ9Z5Q
DEM0000182,W9MMNAH3XH
DEM0000183,GAH6V745ET
DEM0000184,RJ9WRSKJJP
DEM0000185,WX4437UDAR
DEM0000186,BBCQ2BVXGU
DEM0000187,9YWMH86EAP
DEM0000188,EYBPG5PHV5
DEM0000189,EDSGQAHKVV
DEM0000190,47EZ9VW7EZ
DEM0000191,79YGMKNKKS
DEM0000192,RZ3KKD6NB6
DEM0000193,2DWGWUWVRP
DEM0000194,6R5B7A36P7
