UID,FirstName,LastName,Address,City,State,Zip,Year,Make,Model,Comments
https://qa.carswithheart.com/qaformWidget.php?i=124,Copart001,CWH001,123 Dallas Pkwy,Dallas,TX - Texas,12345,2011,TOYOTA,CAMRY,CWH Performance Testing1
https://qa.carswithheart.com/qaformWidget.php?i=8,Copart002,CWH002,124 Dallas Pkwy,Dallas,TX - Texas,12345,2011,TOYOTA,CAMRY,CWH Performance Testing2
https://qa.carswithheart.com/qaformWidget.php?i=729,Copart003,CWH003,125 Dallas Pkwy,Dallas,TX - Texas,12345,2010,TOYOTA,CAMRY,CWH Performance Testing3
https://qa.carswithheart.com/qaformWidget.php?i=125,Copart004,CWH004,126 Dallas Pkwy,Dallas,TX - Texas,12345,2012,TOYOTA,CAMRY,CWH Performance Testing4
https://qa.carswithheart.com/qaformWidget.php?i=711,Copart005,CWH005,127 Dallas Pkwy,Dallas,TX - Texas,12345,2013,TOYOTA,CAMRY,CWH Performance Testing5
https://qa.carswithheart.com/qaformWidget.php?i=221,Copart006,CWH006,128 Dallas Pkwy,Dallas,TX - Texas,12345,2011,TOYOTA,CAMRY,CWH Performance Testing6
https://qa.carswithheart.com/qaformWidget.php?i=219,Copart007,CWH007,129 Dallas Pkwy,Dallas,TX - Texas,12345,2010,TOYOTA,CAMRY,CWH Performance Testing7
https://qa.carswithheart.com/qaformWidget.php?i=214,Copart008,CWH008,130 Dallas Pkwy,Dallas,TX - Texas,12345,2014,TOYOTA,CAMRY,CWH Performance Testing8
https://qa.carswithheart.com/qaformWidget.php?i=141,Copart009,CWH009,131 Dallas Pkwy,Dallas,TX - Texas,12345,2013,TOYOTA,CAMRY,CWH Performance Testing9
https://qa.carswithheart.com/qaformWidget.php?i=100,Copart010,CWH010,132 Dallas Pkwy,Dallas,TX - Texas,12345,2012,TOYOTA,CAMRY,CWH Performance Testing10
,,,,,,,,,,
