UserID,Password,VBLogLot
balram1@mailinator.com,welcome123,50000457
balram2@mailinator.com,welcome123,50000469
balram3@mailinator.com,welcome123,50000484
balram4@mailinator.com,welcome123,50000520
balram5@mailinator.com,welcome123,50000615
balram6@mailinator.com,welcome123,50000622
balram7@mailinator.com,welcome123,50000623
balram8@mailinator.com,welcome123,50000624
balram9@mailinator.com,welcome123,50000627
balram10@mailinator.com,welcome123,50000629
balram11@mailinator.com,welcome123,50000630
balram12@mailinator.com,welcome123,50000752
balram13@mailinator.com,welcome123,50000753
balram14@mailinator.com,welcome123,50000813
balram15@mailinator.com,welcome123,50000815
balram16@mailinator.com,welcome123,50000836
balram17@mailinator.com,welcome123,50000854
balram18@mailinator.com,welcome123,50000862
balram19@mailinator.com,welcome123,50000865
balram20@mailinator.com,welcome123,50000933
balram21@mailinator.com,welcome123,50000682
balram22@mailinator.com,welcome123,50000457
balram23@mailinator.com,welcome123,50000469
balram24@mailinator.com,welcome123,50000484
balram25@mailinator.com,welcome123,50000520
balram26@mailinator.com,welcome123,50000615
balram27@mailinator.com,welcome123,50000622
balram28@mailinator.com,welcome123,50000623
balram29@mailinator.com,welcome123,50000624
balram30@mailinator.com,welcome123,50000627
balram31@mailinator.com,welcome123,50000629
balram32@mailinator.com,welcome123,50000630
balram33@mailinator.com,welcome123,50000752
balram34@mailinator.com,welcome123,50000753
balram35@mailinator.com,welcome123,50000813
balram36@mailinator.com,welcome123,50000815
balram37@mailinator.com,welcome123,50000836
balram38@mailinator.com,welcome123,50000854
balram39@mailinator.com,welcome123,50000862
balram40@mailinator.com,welcome123,50000865
balram41@mailinator.com,welcome123,50000933
balram42@mailinator.com,welcome123,50000682
balram43@mailinator.com,welcome123,50000457
balram44@mailinator.com,welcome123,50000469
balram45@mailinator.com,welcome123,50000484
balram46@mailinator.com,welcome123,50000520
balram47@mailinator.com,welcome123,50000615
balram48@mailinator.com,welcome123,50000622
balram49@mailinator.com,welcome123,50000623
balram50@mailinator.com,welcome123,50000624
balram1@mailinator.com,welcome123,50000627
balram2@mailinator.com,welcome123,50000629
balram3@mailinator.com,welcome123,50000630
balram4@mailinator.com,welcome123,50000752
balram5@mailinator.com,welcome123,50000753
balram6@mailinator.com,welcome123,50000813
balram7@mailinator.com,welcome123,50000815
balram8@mailinator.com,welcome123,50000836
balram9@mailinator.com,welcome123,50000854
balram10@mailinator.com,welcome123,50000862
balram11@mailinator.com,welcome123,50000865
balram12@mailinator.com,welcome123,50000933
balram13@mailinator.com,welcome123,50000682
balram14@mailinator.com,welcome123,50000457
balram15@mailinator.com,welcome123,50000469
balram16@mailinator.com,welcome123,50000484
balram17@mailinator.com,welcome123,50000520
balram18@mailinator.com,welcome123,50000615
balram19@mailinator.com,welcome123,50000622
balram20@mailinator.com,welcome123,50000623
balram21@mailinator.com,welcome123,50000624
balram22@mailinator.com,welcome123,50000627
balram23@mailinator.com,welcome123,50000629
balram24@mailinator.com,welcome123,50000630
balram25@mailinator.com,welcome123,50000752
balram26@mailinator.com,welcome123,50000753
balram27@mailinator.com,welcome123,50000813
balram28@mailinator.com,welcome123,50000815
balram29@mailinator.com,welcome123,50000836
balram30@mailinator.com,welcome123,50000854
balram31@mailinator.com,welcome123,50000862
balram32@mailinator.com,welcome123,50000865
balram33@mailinator.com,welcome123,50000933
balram34@mailinator.com,welcome123,50000682
balram35@mailinator.com,welcome123,50000457
balram36@mailinator.com,welcome123,50000469
balram37@mailinator.com,welcome123,50000484
balram38@mailinator.com,welcome123,50000520
balram39@mailinator.com,welcome123,50000615
balram40@mailinator.com,welcome123,50000622
balram41@mailinator.com,welcome123,50000623
balram42@mailinator.com,welcome123,50000624
balram43@mailinator.com,welcome123,50000627
balram44@mailinator.com,welcome123,50000629
balram45@mailinator.com,welcome123,50000630
balram46@mailinator.com,welcome123,50000752
balram47@mailinator.com,welcome123,50000753
balram48@mailinator.com,welcome123,50000813
balram49@mailinator.com,welcome123,50000815
balram50@mailinator.com,welcome123,50000836
balram1@mailinator.com,welcome123,50000854
balram2@mailinator.com,welcome123,50000862
balram3@mailinator.com,welcome123,50000865
balram4@mailinator.com,welcome123,50000933
balram5@mailinator.com,welcome123,50000682
balram6@mailinator.com,welcome123,50000457
balram7@mailinator.com,welcome123,50000469
balram8@mailinator.com,welcome123,50000484
balram9@mailinator.com,welcome123,50000520
balram10@mailinator.com,welcome123,50000615
balram11@mailinator.com,welcome123,50000622
balram12@mailinator.com,welcome123,50000623
balram13@mailinator.com,welcome123,50000624
balram14@mailinator.com,welcome123,50000627
balram15@mailinator.com,welcome123,50000629
balram16@mailinator.com,welcome123,50000630
balram17@mailinator.com,welcome123,50000752
balram18@mailinator.com,welcome123,50000753
balram19@mailinator.com,welcome123,50000813
balram20@mailinator.com,welcome123,50000815
balram21@mailinator.com,welcome123,50000836
balram22@mailinator.com,welcome123,50000854
balram23@mailinator.com,welcome123,50000862
balram24@mailinator.com,welcome123,50000865
balram25@mailinator.com,welcome123,50000933
balram26@mailinator.com,welcome123,50000682
balram27@mailinator.com,welcome123,50000457
balram28@mailinator.com,welcome123,50000469
balram29@mailinator.com,welcome123,50000484
balram30@mailinator.com,welcome123,50000520
balram31@mailinator.com,welcome123,50000615
balram32@mailinator.com,welcome123,50000622
balram33@mailinator.com,welcome123,50000623
balram34@mailinator.com,welcome123,50000624
balram35@mailinator.com,welcome123,50000627
balram36@mailinator.com,welcome123,50000629
balram37@mailinator.com,welcome123,50000630
balram38@mailinator.com,welcome123,50000752
balram39@mailinator.com,welcome123,50000753
balram40@mailinator.com,welcome123,50000813
balram41@mailinator.com,welcome123,50000815
balram42@mailinator.com,welcome123,50000836
balram43@mailinator.com,welcome123,50000854
balram44@mailinator.com,welcome123,50000862
balram45@mailinator.com,welcome123,50000865
balram46@mailinator.com,welcome123,50000933
balram47@mailinator.com,welcome123,50000682
balram48@mailinator.com,welcome123,50000457
balram49@mailinator.com,welcome123,50000469
balram50@mailinator.com,welcome123,50000484
balram1@mailinator.com,welcome123,50000520
balram2@mailinator.com,welcome123,50000615
balram3@mailinator.com,welcome123,50000622
balram4@mailinator.com,welcome123,50000623
balram5@mailinator.com,welcome123,50000624
balram6@mailinator.com,welcome123,50000627
balram7@mailinator.com,welcome123,50000629
balram8@mailinator.com,welcome123,50000630
balram9@mailinator.com,welcome123,50000752
balram10@mailinator.com,welcome123,50000753
balram11@mailinator.com,welcome123,50000813
balram12@mailinator.com,welcome123,50000815
balram13@mailinator.com,welcome123,50000836
balram14@mailinator.com,welcome123,50000854
balram15@mailinator.com,welcome123,50000862
balram16@mailinator.com,welcome123,50000865
balram17@mailinator.com,welcome123,50000933
balram18@mailinator.com,welcome123,50000682
balram19@mailinator.com,welcome123,50000457
balram20@mailinator.com,welcome123,50000469
balram21@mailinator.com,welcome123,50000484
balram22@mailinator.com,welcome123,50000520
balram23@mailinator.com,welcome123,50000615
balram24@mailinator.com,welcome123,50000622
balram25@mailinator.com,welcome123,50000623
balram26@mailinator.com,welcome123,50000624
balram27@mailinator.com,welcome123,50000627
balram28@mailinator.com,welcome123,50000629
balram29@mailinator.com,welcome123,50000630
balram30@mailinator.com,welcome123,50000752
balram31@mailinator.com,welcome123,50000753
balram32@mailinator.com,welcome123,50000813
balram33@mailinator.com,welcome123,50000815
balram34@mailinator.com,welcome123,50000836
balram35@mailinator.com,welcome123,50000854
balram36@mailinator.com,welcome123,50000862
balram37@mailinator.com,welcome123,50000865
balram38@mailinator.com,welcome123,50000933
balram39@mailinator.com,welcome123,50000682
balram40@mailinator.com,welcome123,50000457
balram41@mailinator.com,welcome123,50000469
balram42@mailinator.com,welcome123,50000484
balram43@mailinator.com,welcome123,50000520
balram44@mailinator.com,welcome123,50000615
balram45@mailinator.com,welcome123,50000622
balram46@mailinator.com,welcome123,50000623
balram47@mailinator.com,welcome123,50000624
balram48@mailinator.com,welcome123,50000627
balram49@mailinator.com,welcome123,50000629
balram50@mailinator.com,welcome123,50000630
balram1@mailinator.com,welcome123,50000752
balram2@mailinator.com,welcome123,50000753
balram3@mailinator.com,welcome123,50000813
balram4@mailinator.com,welcome123,50000815
balram5@mailinator.com,welcome123,50000836
balram6@mailinator.com,welcome123,50000854
balram7@mailinator.com,welcome123,50000862
balram8@mailinator.com,welcome123,50000865
balram9@mailinator.com,welcome123,50000933
balram10@mailinator.com,welcome123,50000682
balram11@mailinator.com,welcome123,50000457
balram12@mailinator.com,welcome123,50000469
balram13@mailinator.com,welcome123,50000484
balram14@mailinator.com,welcome123,50000520
balram15@mailinator.com,welcome123,50000615
balram16@mailinator.com,welcome123,50000622
balram17@mailinator.com,welcome123,50000623
balram18@mailinator.com,welcome123,50000624
balram19@mailinator.com,welcome123,50000627
balram20@mailinator.com,welcome123,50000629
balram21@mailinator.com,welcome123,50000630
balram22@mailinator.com,welcome123,50000752
balram23@mailinator.com,welcome123,50000753
balram24@mailinator.com,welcome123,50000813
balram25@mailinator.com,welcome123,50000815
balram26@mailinator.com,welcome123,50000836
balram27@mailinator.com,welcome123,50000854
balram28@mailinator.com,welcome123,50000862
balram29@mailinator.com,welcome123,50000865
balram30@mailinator.com,welcome123,50000933
balram31@mailinator.com,welcome123,50000682
balram32@mailinator.com,welcome123,50000457
balram33@mailinator.com,welcome123,50000469
balram34@mailinator.com,welcome123,50000484
balram35@mailinator.com,welcome123,50000520
balram36@mailinator.com,welcome123,50000615
balram37@mailinator.com,welcome123,50000622
balram38@mailinator.com,welcome123,50000623
balram39@mailinator.com,welcome123,50000624
balram40@mailinator.com,welcome123,50000627
balram41@mailinator.com,welcome123,50000629
balram42@mailinator.com,welcome123,50000630
balram43@mailinator.com,welcome123,50000752
balram44@mailinator.com,welcome123,50000753
balram45@mailinator.com,welcome123,50000813
balram46@mailinator.com,welcome123,50000815
balram47@mailinator.com,welcome123,50000836
balram48@mailinator.com,welcome123,50000854
balram49@mailinator.com,welcome123,50000862
balram50@mailinator.com,welcome123,50000865
balram1@mailinator.com,welcome123,50000933
balram2@mailinator.com,welcome123,50000682
balram3@mailinator.com,welcome123,50000457
balram4@mailinator.com,welcome123,50000469
balram5@mailinator.com,welcome123,50000484
balram6@mailinator.com,welcome123,50000520
balram7@mailinator.com,welcome123,50000615
balram8@mailinator.com,welcome123,50000622
balram9@mailinator.com,welcome123,50000623
balram10@mailinator.com,welcome123,50000624
balram11@mailinator.com,welcome123,50000627
balram12@mailinator.com,welcome123,50000629
balram13@mailinator.com,welcome123,50000630
balram14@mailinator.com,welcome123,50000752
balram15@mailinator.com,welcome123,50000753
balram16@mailinator.com,welcome123,50000813
balram17@mailinator.com,welcome123,50000815
balram18@mailinator.com,welcome123,50000836
balram19@mailinator.com,welcome123,50000854
balram20@mailinator.com,welcome123,50000862
balram21@mailinator.com,welcome123,50000865
balram22@mailinator.com,welcome123,50000933
balram23@mailinator.com,welcome123,50000682
balram24@mailinator.com,welcome123,50000457
balram25@mailinator.com,welcome123,50000469
balram26@mailinator.com,welcome123,50000484
balram27@mailinator.com,welcome123,50000520
balram28@mailinator.com,welcome123,50000615
balram29@mailinator.com,welcome123,50000622
balram30@mailinator.com,welcome123,50000623
balram31@mailinator.com,welcome123,50000624
balram32@mailinator.com,welcome123,50000627
balram33@mailinator.com,welcome123,50000629
balram34@mailinator.com,welcome123,50000630
balram35@mailinator.com,welcome123,50000752
balram36@mailinator.com,welcome123,50000753
balram37@mailinator.com,welcome123,50000813
balram38@mailinator.com,welcome123,50000815
balram39@mailinator.com,welcome123,50000836
balram40@mailinator.com,welcome123,50000854
balram41@mailinator.com,welcome123,50000862
balram42@mailinator.com,welcome123,50000865
balram43@mailinator.com,welcome123,50000933
balram44@mailinator.com,welcome123,50000682
balram45@mailinator.com,welcome123,50000457
balram46@mailinator.com,welcome123,50000469
balram47@mailinator.com,welcome123,50000484
balram48@mailinator.com,welcome123,50000520
balram49@mailinator.com,welcome123,50000615
balram50@mailinator.com,welcome123,50000622
balram1@mailinator.com,welcome123,50000623
balram2@mailinator.com,welcome123,50000624
balram3@mailinator.com,welcome123,50000627
balram4@mailinator.com,welcome123,50000629
balram5@mailinator.com,welcome123,50000630
balram6@mailinator.com,welcome123,50000752
balram7@mailinator.com,welcome123,50000753
balram8@mailinator.com,welcome123,50000813
balram9@mailinator.com,welcome123,50000815
balram10@mailinator.com,welcome123,50000836
balram11@mailinator.com,welcome123,50000854
balram12@mailinator.com,welcome123,50000862
balram13@mailinator.com,welcome123,50000865
balram14@mailinator.com,welcome123,50000933
balram15@mailinator.com,welcome123,50000682
balram16@mailinator.com,welcome123,50000457
balram17@mailinator.com,welcome123,50000469
balram18@mailinator.com,welcome123,50000484
balram19@mailinator.com,welcome123,50000520
balram20@mailinator.com,welcome123,50000615
balram21@mailinator.com,welcome123,50000622
balram22@mailinator.com,welcome123,50000623
balram23@mailinator.com,welcome123,50000624
balram24@mailinator.com,welcome123,50000627
balram25@mailinator.com,welcome123,50000629
balram26@mailinator.com,welcome123,50000630
balram27@mailinator.com,welcome123,50000752
balram28@mailinator.com,welcome123,50000753
balram29@mailinator.com,welcome123,50000813
balram30@mailinator.com,welcome123,50000815
balram31@mailinator.com,welcome123,50000836
balram32@mailinator.com,welcome123,50000854
balram33@mailinator.com,welcome123,50000862
balram34@mailinator.com,welcome123,50000865
balram35@mailinator.com,welcome123,50000933
balram36@mailinator.com,welcome123,50000682
balram37@mailinator.com,welcome123,50000457
balram38@mailinator.com,welcome123,50000469
balram39@mailinator.com,welcome123,50000484
balram40@mailinator.com,welcome123,50000520
balram41@mailinator.com,welcome123,50000615
balram42@mailinator.com,welcome123,50000622
balram43@mailinator.com,welcome123,50000623
balram44@mailinator.com,welcome123,50000624
balram45@mailinator.com,welcome123,50000627
balram46@mailinator.com,welcome123,50000629
balram47@mailinator.com,welcome123,50000630
balram48@mailinator.com,welcome123,50000752
balram49@mailinator.com,welcome123,50000753
balram50@mailinator.com,welcome123,50000813
balram1@mailinator.com,welcome123,50000815
balram2@mailinator.com,welcome123,50000836
balram3@mailinator.com,welcome123,50000854
balram4@mailinator.com,welcome123,50000862
balram5@mailinator.com,welcome123,50000865
balram6@mailinator.com,welcome123,50000933
balram7@mailinator.com,welcome123,50000682
balram8@mailinator.com,welcome123,50000457
balram9@mailinator.com,welcome123,50000469
balram10@mailinator.com,welcome123,50000484
balram11@mailinator.com,welcome123,50000520
balram12@mailinator.com,welcome123,50000615
balram13@mailinator.com,welcome123,50000622
balram14@mailinator.com,welcome123,50000623
balram15@mailinator.com,welcome123,50000624
balram16@mailinator.com,welcome123,50000627
balram17@mailinator.com,welcome123,50000629
balram18@mailinator.com,welcome123,50000630
balram19@mailinator.com,welcome123,50000752
balram20@mailinator.com,welcome123,50000753
balram21@mailinator.com,welcome123,50000813
balram22@mailinator.com,welcome123,50000815
balram23@mailinator.com,welcome123,50000836
balram24@mailinator.com,welcome123,50000854
balram25@mailinator.com,welcome123,50000862
balram26@mailinator.com,welcome123,50000865
balram27@mailinator.com,welcome123,50000933
balram28@mailinator.com,welcome123,50000682
balram29@mailinator.com,welcome123,50000457
balram30@mailinator.com,welcome123,50000469
balram31@mailinator.com,welcome123,50000484
balram32@mailinator.com,welcome123,50000520
balram33@mailinator.com,welcome123,50000615
balram34@mailinator.com,welcome123,50000622
balram35@mailinator.com,welcome123,50000623
balram36@mailinator.com,welcome123,50000624
balram37@mailinator.com,welcome123,50000627
balram38@mailinator.com,welcome123,50000629
balram39@mailinator.com,welcome123,50000630
balram40@mailinator.com,welcome123,50000752
balram41@mailinator.com,welcome123,50000753
balram42@mailinator.com,welcome123,50000813
balram43@mailinator.com,welcome123,50000815
balram44@mailinator.com,welcome123,50000836
balram45@mailinator.com,welcome123,50000854
balram46@mailinator.com,welcome123,50000862
balram47@mailinator.com,welcome123,50000865
balram48@mailinator.com,welcome123,50000933
balram49@mailinator.com,welcome123,50000682
balram50@mailinator.com,welcome123,50000457
