UserID,Password,Country,YardLocation,ItemType
balram1@mailinator.com,welcome123,Germany,Germany Yard,Automobile
balram2@mailinator.com,welcome123,India,India Yard,Automobile
balram3@mailinator.com,welcome123,Spain,Spain Yard,Automobile
balram4@mailinator.com,welcome123,Germany,Germany Yard,Automobile
balram5@mailinator.com,welcome123,India,India Yard,Automobile
balram6@mailinator.com,welcome123,Spain,Spain Yard,Automobile
balram7@mailinator.com,welcome123,Germany,Germany Yard,Automobile
balram8@mailinator.com,welcome123,India,India Yard,Automobile
balram9@mailinator.com,welcome123,Spain,Spain Yard,Automobile
balram10@mailinator.com,welcome123,Germany,Germany Yard,Automobile
balram11@mailinator.com,welcome123,India,India Yard,Automobile
balram12@mailinator.com,welcome123,Spain,Spain Yard,Automobile
balram13@mailinator.com,welcome123,Germany,Germany Yard,Automobile
balram14@mailinator.com,welcome123,India,India Yard,Automobile
balram15@mailinator.com,welcome123,Spain,Spain Yard,Automobile
balram16@mailinator.com,welcome123,Germany,Germany Yard,Automobile
balram17@mailinator.com,welcome123,India,India Yard,Automobile
balram18@mailinator.com,welcome123,Spain,Spain Yard,Automobile
balram19@mailinator.com,welcome123,Germany,Germany Yard,Automobile
balram20@mailinator.com,welcome123,India,India Yard,Automobile
balram21@mailinator.com,welcome123,Spain,Spain Yard,Automobile
balram22@mailinator.com,welcome123,Germany,Germany Yard,Automobile
balram23@mailinator.com,welcome123,India,India Yard,Automobile
balram24@mailinator.com,welcome123,Spain,Spain Yard,Automobile
balram25@mailinator.com,welcome123,Germany,Germany Yard,Automobile
balram26@mailinator.com,welcome123,India,India Yard,Automobile
balram27@mailinator.com,welcome123,Spain,Spain Yard,Automobile
balram28@mailinator.com,welcome123,Germany,Germany Yard,Automobile
balram29@mailinator.com,welcome123,India,India Yard,Automobile
balram30@mailinator.com,welcome123,Spain,Spain Yard,Automobile
balram31@mailinator.com,welcome123,Germany,Germany Yard,Automobile
balram32@mailinator.com,welcome123,India,India Yard,Automobile
balram33@mailinator.com,welcome123,Spain,Spain Yard,Automobile
balram34@mailinator.com,welcome123,Germany,Germany Yard,Automobile
balram35@mailinator.com,welcome123,India,India Yard,Automobile
balram36@mailinator.com,welcome123,Spain,Spain Yard,Automobile
balram37@mailinator.com,welcome123,Germany,Germany Yard,Automobile
balram38@mailinator.com,welcome123,India,India Yard,Automobile
balram39@mailinator.com,welcome123,Spain,Spain Yard,Automobile
balram40@mailinator.com,welcome123,Germany,Germany Yard,Automobile
balram41@mailinator.com,welcome123,India,India Yard,Automobile
balram42@mailinator.com,welcome123,Spain,Spain Yard,Automobile
balram43@mailinator.com,welcome123,Germany,Germany Yard,Automobile
balram44@mailinator.com,welcome123,India,India Yard,Automobile
balram45@mailinator.com,welcome123,Spain,Spain Yard,Automobile
balram46@mailinator.com,welcome123,Germany,Germany Yard,Automobile
balram47@mailinator.com,welcome123,India,India Yard,Automobile
balram48@mailinator.com,welcome123,Spain,Spain Yard,Automobile
balram49@mailinator.com,welcome123,Germany,Germany Yard,Automobile
balram50@mailinator.com,welcome123,India,India Yard,Automobile
balram1@mailinator.com,welcome123,Spain,Spain Yard,Automobile
balram2@mailinator.com,welcome123,Germany,Germany Yard,Automobile
balram3@mailinator.com,welcome123,India,India Yard,Automobile
balram4@mailinator.com,welcome123,Spain,Spain Yard,Automobile
balram5@mailinator.com,welcome123,Germany,Germany Yard,Automobile
balram6@mailinator.com,welcome123,India,India Yard,Automobile
balram7@mailinator.com,welcome123,Spain,Spain Yard,Automobile
balram8@mailinator.com,welcome123,Germany,Germany Yard,Automobile
balram9@mailinator.com,welcome123,India,India Yard,Automobile
balram10@mailinator.com,welcome123,Spain,Spain Yard,Automobile
balram11@mailinator.com,welcome123,Germany,Germany Yard,Automobile
balram12@mailinator.com,welcome123,India,India Yard,Automobile
balram13@mailinator.com,welcome123,Spain,Spain Yard,Automobile
balram14@mailinator.com,welcome123,Germany,Germany Yard,Automobile
balram15@mailinator.com,welcome123,India,India Yard,Automobile
balram16@mailinator.com,welcome123,Spain,Spain Yard,Automobile
balram17@mailinator.com,welcome123,Germany,Germany Yard,Automobile
balram18@mailinator.com,welcome123,India,India Yard,Automobile
balram19@mailinator.com,welcome123,Spain,Spain Yard,Automobile
balram20@mailinator.com,welcome123,Germany,Germany Yard,Automobile
balram21@mailinator.com,welcome123,India,India Yard,Automobile
balram22@mailinator.com,welcome123,Spain,Spain Yard,Automobile
balram23@mailinator.com,welcome123,Germany,Germany Yard,Automobile
balram24@mailinator.com,welcome123,India,India Yard,Automobile
balram25@mailinator.com,welcome123,Spain,Spain Yard,Automobile
balram26@mailinator.com,welcome123,Germany,Germany Yard,Automobile
balram27@mailinator.com,welcome123,India,India Yard,Automobile
balram28@mailinator.com,welcome123,Spain,Spain Yard,Automobile
balram29@mailinator.com,welcome123,Germany,Germany Yard,Automobile
balram30@mailinator.com,welcome123,India,India Yard,Automobile
balram31@mailinator.com,welcome123,Spain,Spain Yard,Automobile
balram32@mailinator.com,welcome123,Germany,Germany Yard,Automobile
balram33@mailinator.com,welcome123,India,India Yard,Automobile
balram34@mailinator.com,welcome123,Spain,Spain Yard,Automobile
balram35@mailinator.com,welcome123,Germany,Germany Yard,Automobile
balram36@mailinator.com,welcome123,India,India Yard,Automobile
balram37@mailinator.com,welcome123,Spain,Spain Yard,Automobile
balram38@mailinator.com,welcome123,Germany,Germany Yard,Automobile
balram39@mailinator.com,welcome123,India,India Yard,Automobile
balram40@mailinator.com,welcome123,Spain,Spain Yard,Automobile
balram41@mailinator.com,welcome123,Germany,Germany Yard,Automobile
balram42@mailinator.com,welcome123,India,India Yard,Automobile
balram43@mailinator.com,welcome123,Spain,Spain Yard,Automobile
balram44@mailinator.com,welcome123,Germany,Germany Yard,Automobile
balram45@mailinator.com,welcome123,India,India Yard,Automobile
balram46@mailinator.com,welcome123,Spain,Spain Yard,Automobile
balram47@mailinator.com,welcome123,Germany,Germany Yard,Automobile
balram48@mailinator.com,welcome123,India,India Yard,Automobile
balram49@mailinator.com,welcome123,Spain,Spain Yard,Automobile
balram50@mailinator.com,welcome123,Germany,Germany Yard,Automobile
balram1@mailinator.com,welcome123,India,India Yard,Automobile
balram2@mailinator.com,welcome123,Spain,Spain Yard,Automobile
balram3@mailinator.com,welcome123,Germany,Germany Yard,Automobile
balram4@mailinator.com,welcome123,India,India Yard,Automobile
balram5@mailinator.com,welcome123,Spain,Spain Yard,Automobile
balram6@mailinator.com,welcome123,Germany,Germany Yard,Automobile
balram7@mailinator.com,welcome123,India,India Yard,Automobile
balram8@mailinator.com,welcome123,Spain,Spain Yard,Automobile
balram9@mailinator.com,welcome123,Germany,Germany Yard,Automobile
balram10@mailinator.com,welcome123,India,India Yard,Automobile
balram11@mailinator.com,welcome123,Spain,Spain Yard,Automobile
balram12@mailinator.com,welcome123,Germany,Germany Yard,Automobile
balram13@mailinator.com,welcome123,India,India Yard,Automobile
balram14@mailinator.com,welcome123,Spain,Spain Yard,Automobile
balram15@mailinator.com,welcome123,Germany,Germany Yard,Automobile
balram16@mailinator.com,welcome123,India,India Yard,Automobile
balram17@mailinator.com,welcome123,Spain,Spain Yard,Automobile
balram18@mailinator.com,welcome123,Germany,Germany Yard,Automobile
balram19@mailinator.com,welcome123,India,India Yard,Automobile
balram20@mailinator.com,welcome123,Spain,Spain Yard,Automobile
balram21@mailinator.com,welcome123,Germany,Germany Yard,Automobile
balram22@mailinator.com,welcome123,India,India Yard,Automobile
balram23@mailinator.com,welcome123,Spain,Spain Yard,Automobile
balram24@mailinator.com,welcome123,Germany,Germany Yard,Automobile
balram25@mailinator.com,welcome123,India,India Yard,Automobile
balram26@mailinator.com,welcome123,Spain,Spain Yard,Automobile
balram27@mailinator.com,welcome123,Germany,Germany Yard,Automobile
balram28@mailinator.com,welcome123,India,India Yard,Automobile
balram29@mailinator.com,welcome123,Spain,Spain Yard,Automobile
balram30@mailinator.com,welcome123,Germany,Germany Yard,Automobile
balram31@mailinator.com,welcome123,India,India Yard,Automobile
balram32@mailinator.com,welcome123,Spain,Spain Yard,Automobile
balram33@mailinator.com,welcome123,Germany,Germany Yard,Automobile
balram34@mailinator.com,welcome123,India,India Yard,Automobile
balram35@mailinator.com,welcome123,Spain,Spain Yard,Automobile
balram36@mailinator.com,welcome123,Germany,Germany Yard,Automobile
balram37@mailinator.com,welcome123,India,India Yard,Automobile
balram38@mailinator.com,welcome123,Spain,Spain Yard,Automobile
balram39@mailinator.com,welcome123,Germany,Germany Yard,Automobile
balram40@mailinator.com,welcome123,India,India Yard,Automobile
balram41@mailinator.com,welcome123,Spain,Spain Yard,Automobile
balram42@mailinator.com,welcome123,Germany,Germany Yard,Automobile
balram43@mailinator.com,welcome123,India,India Yard,Automobile
balram44@mailinator.com,welcome123,Spain,Spain Yard,Automobile
balram45@mailinator.com,welcome123,Germany,Germany Yard,Automobile
balram46@mailinator.com,welcome123,India,India Yard,Automobile
balram47@mailinator.com,welcome123,Spain,Spain Yard,Automobile
balram48@mailinator.com,welcome123,Germany,Germany Yard,Automobile
balram49@mailinator.com,welcome123,India,India Yard,Automobile
balram50@mailinator.com,welcome123,Spain,Spain Yard,Automobile
balram1@mailinator.com,welcome123,Germany,Germany Yard,Automobile
balram2@mailinator.com,welcome123,India,India Yard,Automobile
balram3@mailinator.com,welcome123,Spain,Spain Yard,Automobile
balram4@mailinator.com,welcome123,Germany,Germany Yard,Automobile
balram5@mailinator.com,welcome123,India,India Yard,Automobile
balram6@mailinator.com,welcome123,Spain,Spain Yard,Automobile
balram7@mailinator.com,welcome123,Germany,Germany Yard,Automobile
balram8@mailinator.com,welcome123,India,India Yard,Automobile
balram9@mailinator.com,welcome123,Spain,Spain Yard,Automobile
balram10@mailinator.com,welcome123,Germany,Germany Yard,Automobile
balram11@mailinator.com,welcome123,India,India Yard,Automobile
balram12@mailinator.com,welcome123,Spain,Spain Yard,Automobile
balram13@mailinator.com,welcome123,Germany,Germany Yard,Automobile
balram14@mailinator.com,welcome123,India,India Yard,Automobile
balram15@mailinator.com,welcome123,Spain,Spain Yard,Automobile
balram16@mailinator.com,welcome123,Germany,Germany Yard,Automobile
balram17@mailinator.com,welcome123,India,India Yard,Automobile
balram18@mailinator.com,welcome123,Spain,Spain Yard,Automobile
balram19@mailinator.com,welcome123,Germany,Germany Yard,Automobile
balram20@mailinator.com,welcome123,India,India Yard,Automobile
balram21@mailinator.com,welcome123,Spain,Spain Yard,Automobile
balram22@mailinator.com,welcome123,Germany,Germany Yard,Automobile
balram23@mailinator.com,welcome123,India,India Yard,Automobile
balram24@mailinator.com,welcome123,Spain,Spain Yard,Automobile
balram25@mailinator.com,welcome123,Germany,Germany Yard,Automobile
balram26@mailinator.com,welcome123,India,India Yard,Automobile
balram27@mailinator.com,welcome123,Spain,Spain Yard,Automobile
balram28@mailinator.com,welcome123,Germany,Germany Yard,Automobile
balram29@mailinator.com,welcome123,India,India Yard,Automobile
balram30@mailinator.com,welcome123,Spain,Spain Yard,Automobile
balram31@mailinator.com,welcome123,Germany,Germany Yard,Automobile
balram32@mailinator.com,welcome123,India,India Yard,Automobile
balram33@mailinator.com,welcome123,Spain,Spain Yard,Automobile
balram34@mailinator.com,welcome123,Germany,Germany Yard,Automobile
balram35@mailinator.com,welcome123,India,India Yard,Automobile
balram36@mailinator.com,welcome123,Spain,Spain Yard,Automobile
balram37@mailinator.com,welcome123,Germany,Germany Yard,Automobile
balram38@mailinator.com,welcome123,India,India Yard,Automobile
balram39@mailinator.com,welcome123,Spain,Spain Yard,Automobile
balram40@mailinator.com,welcome123,Germany,Germany Yard,Automobile
balram41@mailinator.com,welcome123,India,India Yard,Automobile
balram42@mailinator.com,welcome123,Spain,Spain Yard,Automobile
balram43@mailinator.com,welcome123,Germany,Germany Yard,Automobile
balram44@mailinator.com,welcome123,India,India Yard,Automobile
balram45@mailinator.com,welcome123,Spain,Spain Yard,Automobile
balram46@mailinator.com,welcome123,Germany,Germany Yard,Automobile
balram47@mailinator.com,welcome123,India,India Yard,Automobile
balram48@mailinator.com,welcome123,Spain,Spain Yard,Automobile
balram49@mailinator.com,welcome123,Germany,Germany Yard,Automobile
balram50@mailinator.com,welcome123,India,India Yard,Automobile
balram1@mailinator.com,welcome123,Spain,Spain Yard,Automobile
balram2@mailinator.com,welcome123,Germany,Germany Yard,Automobile
balram3@mailinator.com,welcome123,India,India Yard,Automobile
balram4@mailinator.com,welcome123,Spain,Spain Yard,Automobile
balram5@mailinator.com,welcome123,Germany,Germany Yard,Automobile
balram6@mailinator.com,welcome123,India,India Yard,Automobile
balram7@mailinator.com,welcome123,Spain,Spain Yard,Automobile
balram8@mailinator.com,welcome123,Germany,Germany Yard,Automobile
balram9@mailinator.com,welcome123,India,India Yard,Automobile
balram10@mailinator.com,welcome123,Spain,Spain Yard,Automobile
balram11@mailinator.com,welcome123,Germany,Germany Yard,Automobile
balram12@mailinator.com,welcome123,India,India Yard,Automobile
balram13@mailinator.com,welcome123,Spain,Spain Yard,Automobile
balram14@mailinator.com,welcome123,Germany,Germany Yard,Automobile
balram15@mailinator.com,welcome123,India,India Yard,Automobile
balram16@mailinator.com,welcome123,Spain,Spain Yard,Automobile
balram17@mailinator.com,welcome123,Germany,Germany Yard,Automobile
balram18@mailinator.com,welcome123,India,India Yard,Automobile
balram19@mailinator.com,welcome123,Spain,Spain Yard,Automobile
balram20@mailinator.com,welcome123,Germany,Germany Yard,Automobile
balram21@mailinator.com,welcome123,India,India Yard,Automobile
balram22@mailinator.com,welcome123,Spain,Spain Yard,Automobile
balram23@mailinator.com,welcome123,Germany,Germany Yard,Automobile
balram24@mailinator.com,welcome123,India,India Yard,Automobile
balram25@mailinator.com,welcome123,Spain,Spain Yard,Automobile
balram26@mailinator.com,welcome123,Germany,Germany Yard,Automobile
balram27@mailinator.com,welcome123,India,India Yard,Automobile
balram28@mailinator.com,welcome123,Spain,Spain Yard,Automobile
balram29@mailinator.com,welcome123,Germany,Germany Yard,Automobile
balram30@mailinator.com,welcome123,India,India Yard,Automobile
balram31@mailinator.com,welcome123,Spain,Spain Yard,Automobile
balram32@mailinator.com,welcome123,Germany,Germany Yard,Automobile
balram33@mailinator.com,welcome123,India,India Yard,Automobile
balram34@mailinator.com,welcome123,Spain,Spain Yard,Automobile
balram35@mailinator.com,welcome123,Germany,Germany Yard,Automobile
balram36@mailinator.com,welcome123,India,India Yard,Automobile
balram37@mailinator.com,welcome123,Spain,Spain Yard,Automobile
balram38@mailinator.com,welcome123,Germany,Germany Yard,Automobile
balram39@mailinator.com,welcome123,India,India Yard,Automobile
balram40@mailinator.com,welcome123,Spain,Spain Yard,Automobile
balram41@mailinator.com,welcome123,Germany,Germany Yard,Automobile
balram42@mailinator.com,welcome123,India,India Yard,Automobile
balram43@mailinator.com,welcome123,Spain,Spain Yard,Automobile
balram44@mailinator.com,welcome123,Germany,Germany Yard,Automobile
balram45@mailinator.com,welcome123,India,India Yard,Automobile
balram46@mailinator.com,welcome123,Spain,Spain Yard,Automobile
balram47@mailinator.com,welcome123,Germany,Germany Yard,Automobile
balram48@mailinator.com,welcome123,India,India Yard,Automobile
balram49@mailinator.com,welcome123,Spain,Spain Yard,Automobile
balram50@mailinator.com,welcome123,Germany,Germany Yard,Automobile
balram1@mailinator.com,welcome123,India,India Yard,Automobile
balram2@mailinator.com,welcome123,Spain,Spain Yard,Automobile
balram3@mailinator.com,welcome123,Germany,Germany Yard,Automobile
balram4@mailinator.com,welcome123,India,India Yard,Automobile
balram5@mailinator.com,welcome123,Spain,Spain Yard,Automobile
balram6@mailinator.com,welcome123,Germany,Germany Yard,Automobile
balram7@mailinator.com,welcome123,India,India Yard,Automobile
balram8@mailinator.com,welcome123,Spain,Spain Yard,Automobile
balram9@mailinator.com,welcome123,Germany,Germany Yard,Automobile
balram10@mailinator.com,welcome123,India,India Yard,Automobile
balram11@mailinator.com,welcome123,Spain,Spain Yard,Automobile
balram12@mailinator.com,welcome123,Germany,Germany Yard,Automobile
balram13@mailinator.com,welcome123,India,India Yard,Automobile
balram14@mailinator.com,welcome123,Spain,Spain Yard,Automobile
balram15@mailinator.com,welcome123,Germany,Germany Yard,Automobile
balram16@mailinator.com,welcome123,India,India Yard,Automobile
balram17@mailinator.com,welcome123,Spain,Spain Yard,Automobile
balram18@mailinator.com,welcome123,Germany,Germany Yard,Automobile
balram19@mailinator.com,welcome123,India,India Yard,Automobile
balram20@mailinator.com,welcome123,Spain,Spain Yard,Automobile
balram21@mailinator.com,welcome123,Germany,Germany Yard,Automobile
balram22@mailinator.com,welcome123,India,India Yard,Automobile
balram23@mailinator.com,welcome123,Spain,Spain Yard,Automobile
balram24@mailinator.com,welcome123,Germany,Germany Yard,Automobile
balram25@mailinator.com,welcome123,India,India Yard,Automobile
balram26@mailinator.com,welcome123,Spain,Spain Yard,Automobile
balram27@mailinator.com,welcome123,Germany,Germany Yard,Automobile
balram28@mailinator.com,welcome123,India,India Yard,Automobile
balram29@mailinator.com,welcome123,Spain,Spain Yard,Automobile
balram30@mailinator.com,welcome123,Germany,Germany Yard,Automobile
balram31@mailinator.com,welcome123,India,India Yard,Automobile
balram32@mailinator.com,welcome123,Spain,Spain Yard,Automobile
balram33@mailinator.com,welcome123,Germany,Germany Yard,Automobile
balram34@mailinator.com,welcome123,India,India Yard,Automobile
balram35@mailinator.com,welcome123,Spain,Spain Yard,Automobile
balram36@mailinator.com,welcome123,Germany,Germany Yard,Automobile
balram37@mailinator.com,welcome123,India,India Yard,Automobile
balram38@mailinator.com,welcome123,Spain,Spain Yard,Automobile
balram39@mailinator.com,welcome123,Germany,Germany Yard,Automobile
balram40@mailinator.com,welcome123,India,India Yard,Automobile
balram41@mailinator.com,welcome123,Spain,Spain Yard,Automobile
balram42@mailinator.com,welcome123,Germany,Germany Yard,Automobile
balram43@mailinator.com,welcome123,India,India Yard,Automobile
balram44@mailinator.com,welcome123,Spain,Spain Yard,Automobile
balram45@mailinator.com,welcome123,Germany,Germany Yard,Automobile
balram46@mailinator.com,welcome123,India,India Yard,Automobile
balram47@mailinator.com,welcome123,Spain,Spain Yard,Automobile
balram48@mailinator.com,welcome123,Germany,Germany Yard,Automobile
balram49@mailinator.com,welcome123,India,India Yard,Automobile
balram50@mailinator.com,welcome123,Spain,Spain Yard,Automobile
balram1@mailinator.com,welcome123,Germany,Germany Yard,Automobile
balram2@mailinator.com,welcome123,India,India Yard,Automobile
balram3@mailinator.com,welcome123,Spain,Spain Yard,Automobile
balram4@mailinator.com,welcome123,Germany,Germany Yard,Automobile
balram5@mailinator.com,welcome123,India,India Yard,Automobile
balram6@mailinator.com,welcome123,Spain,Spain Yard,Automobile
balram7@mailinator.com,welcome123,Germany,Germany Yard,Automobile
balram8@mailinator.com,welcome123,India,India Yard,Automobile
balram9@mailinator.com,welcome123,Spain,Spain Yard,Automobile
balram10@mailinator.com,welcome123,Germany,Germany Yard,Automobile
balram11@mailinator.com,welcome123,India,India Yard,Automobile
balram12@mailinator.com,welcome123,Spain,Spain Yard,Automobile
balram13@mailinator.com,welcome123,Germany,Germany Yard,Automobile
balram14@mailinator.com,welcome123,India,India Yard,Automobile
balram15@mailinator.com,welcome123,Spain,Spain Yard,Automobile
balram16@mailinator.com,welcome123,Germany,Germany Yard,Automobile
balram17@mailinator.com,welcome123,India,India Yard,Automobile
balram18@mailinator.com,welcome123,Spain,Spain Yard,Automobile
balram19@mailinator.com,welcome123,Germany,Germany Yard,Automobile
balram20@mailinator.com,welcome123,India,India Yard,Automobile
balram21@mailinator.com,welcome123,Spain,Spain Yard,Automobile
balram22@mailinator.com,welcome123,Germany,Germany Yard,Automobile
balram23@mailinator.com,welcome123,India,India Yard,Automobile
balram24@mailinator.com,welcome123,Spain,Spain Yard,Automobile
balram25@mailinator.com,welcome123,Germany,Germany Yard,Automobile
balram26@mailinator.com,welcome123,India,India Yard,Automobile
balram27@mailinator.com,welcome123,Spain,Spain Yard,Automobile
balram28@mailinator.com,welcome123,Germany,Germany Yard,Automobile
balram29@mailinator.com,welcome123,India,India Yard,Automobile
balram30@mailinator.com,welcome123,Spain,Spain Yard,Automobile
balram31@mailinator.com,welcome123,Germany,Germany Yard,Automobile
balram32@mailinator.com,welcome123,India,India Yard,Automobile
balram33@mailinator.com,welcome123,Spain,Spain Yard,Automobile
balram34@mailinator.com,welcome123,Germany,Germany Yard,Automobile
balram35@mailinator.com,welcome123,India,India Yard,Automobile
balram36@mailinator.com,welcome123,Spain,Spain Yard,Automobile
balram37@mailinator.com,welcome123,Germany,Germany Yard,Automobile
balram38@mailinator.com,welcome123,India,India Yard,Automobile
balram39@mailinator.com,welcome123,Spain,Spain Yard,Automobile
balram40@mailinator.com,welcome123,Germany,Germany Yard,Automobile
balram41@mailinator.com,welcome123,India,India Yard,Automobile
balram42@mailinator.com,welcome123,Spain,Spain Yard,Automobile
balram43@mailinator.com,welcome123,Germany,Germany Yard,Automobile
balram44@mailinator.com,welcome123,India,India Yard,Automobile
balram45@mailinator.com,welcome123,Spain,Spain Yard,Automobile
balram46@mailinator.com,welcome123,Germany,Germany Yard,Automobile
balram47@mailinator.com,welcome123,India,India Yard,Automobile
balram48@mailinator.com,welcome123,Spain,Spain Yard,Automobile
balram49@mailinator.com,welcome123,Germany,Germany Yard,Automobile
balram50@mailinator.com,welcome123,India,India Yard,Automobile
balram1@mailinator.com,welcome123,Spain,Spain Yard,Automobile
balram2@mailinator.com,welcome123,Germany,Germany Yard,Automobile
balram3@mailinator.com,welcome123,India,India Yard,Automobile
balram4@mailinator.com,welcome123,Spain,Spain Yard,Automobile
balram5@mailinator.com,welcome123,Germany,Germany Yard,Automobile
balram6@mailinator.com,welcome123,India,India Yard,Automobile
balram7@mailinator.com,welcome123,Spain,Spain Yard,Automobile
balram8@mailinator.com,welcome123,Germany,Germany Yard,Automobile
balram9@mailinator.com,welcome123,India,India Yard,Automobile
balram10@mailinator.com,welcome123,Spain,Spain Yard,Automobile
balram11@mailinator.com,welcome123,Germany,Germany Yard,Automobile
balram12@mailinator.com,welcome123,India,India Yard,Automobile
balram13@mailinator.com,welcome123,Spain,Spain Yard,Automobile
balram14@mailinator.com,welcome123,Germany,Germany Yard,Automobile
balram15@mailinator.com,welcome123,India,India Yard,Automobile
balram16@mailinator.com,welcome123,Spain,Spain Yard,Automobile
balram17@mailinator.com,welcome123,Germany,Germany Yard,Automobile
balram18@mailinator.com,welcome123,India,India Yard,Automobile
balram19@mailinator.com,welcome123,Spain,Spain Yard,Automobile
balram20@mailinator.com,welcome123,Germany,Germany Yard,Automobile
balram21@mailinator.com,welcome123,India,India Yard,Automobile
balram22@mailinator.com,welcome123,Spain,Spain Yard,Automobile
balram23@mailinator.com,welcome123,Germany,Germany Yard,Automobile
balram24@mailinator.com,welcome123,India,India Yard,Automobile
balram25@mailinator.com,welcome123,Spain,Spain Yard,Automobile
balram26@mailinator.com,welcome123,Germany,Germany Yard,Automobile
balram27@mailinator.com,welcome123,India,India Yard,Automobile
balram28@mailinator.com,welcome123,Spain,Spain Yard,Automobile
balram29@mailinator.com,welcome123,Germany,Germany Yard,Automobile
balram30@mailinator.com,welcome123,India,India Yard,Automobile
balram31@mailinator.com,welcome123,Spain,Spain Yard,Automobile
balram32@mailinator.com,welcome123,Germany,Germany Yard,Automobile
balram33@mailinator.com,welcome123,India,India Yard,Automobile
balram34@mailinator.com,welcome123,Spain,Spain Yard,Automobile
balram35@mailinator.com,welcome123,Germany,Germany Yard,Automobile
balram36@mailinator.com,welcome123,India,India Yard,Automobile
balram37@mailinator.com,welcome123,Spain,Spain Yard,Automobile
balram38@mailinator.com,welcome123,Germany,Germany Yard,Automobile
balram39@mailinator.com,welcome123,India,India Yard,Automobile
balram40@mailinator.com,welcome123,Spain,Spain Yard,Automobile
balram41@mailinator.com,welcome123,Germany,Germany Yard,Automobile
balram42@mailinator.com,welcome123,India,India Yard,Automobile
balram43@mailinator.com,welcome123,Spain,Spain Yard,Automobile
balram44@mailinator.com,welcome123,Germany,Germany Yard,Automobile
balram45@mailinator.com,welcome123,India,India Yard,Automobile
balram46@mailinator.com,welcome123,Spain,Spain Yard,Automobile
balram47@mailinator.com,welcome123,Germany,Germany Yard,Automobile
balram48@mailinator.com,welcome123,India,India Yard,Automobile
balram49@mailinator.com,welcome123,Spain,Spain Yard,Automobile
balram50@mailinator.com,welcome123,Germany,Germany Yard,Automobile
