UserID,Password,ImageLot
balram1@mailinator.com,welcome123,50000014
balram2@mailinator.com,welcome123,50000684
balram3@mailinator.com,welcome123,50000685
balram4@mailinator.com,welcome123,50000853
balram5@mailinator.com,welcome123,50000855
balram6@mailinator.com,welcome123,50000857
balram7@mailinator.com,welcome123,50000859
balram8@mailinator.com,welcome123,50000863
balram9@mailinator.com,welcome123,50000864
balram10@mailinator.com,welcome123,50000866
balram11@mailinator.com,welcome123,50000871
balram12@mailinator.com,welcome123,50000875
balram13@mailinator.com,welcome123,50000905
balram14@mailinator.com,welcome123,50000906
balram15@mailinator.com,welcome123,50000984
balram16@mailinator.com,welcome123,50000991
balram17@mailinator.com,welcome123,50000997
balram18@mailinator.com,welcome123,50000995
balram19@mailinator.com,welcome123,50000991
balram20@mailinator.com,welcome123,50000861
balram21@mailinator.com,welcome123,50000014
balram22@mailinator.com,welcome123,50000684
balram23@mailinator.com,welcome123,50000685
balram24@mailinator.com,welcome123,50000853
balram25@mailinator.com,welcome123,50000855
balram26@mailinator.com,welcome123,50000857
balram27@mailinator.com,welcome123,50000859
balram28@mailinator.com,welcome123,50000863
balram29@mailinator.com,welcome123,50000864
balram30@mailinator.com,welcome123,50000866
balram31@mailinator.com,welcome123,50000871
balram32@mailinator.com,welcome123,50000875
balram33@mailinator.com,welcome123,50000905
balram34@mailinator.com,welcome123,50000906
balram35@mailinator.com,welcome123,50000984
balram36@mailinator.com,welcome123,50000991
balram37@mailinator.com,welcome123,50000997
balram38@mailinator.com,welcome123,50000995
balram39@mailinator.com,welcome123,50000991
balram40@mailinator.com,welcome123,50000861
balram41@mailinator.com,welcome123,50000014
balram42@mailinator.com,welcome123,50000684
balram43@mailinator.com,welcome123,50000685
balram44@mailinator.com,welcome123,50000853
balram45@mailinator.com,welcome123,50000855
balram46@mailinator.com,welcome123,50000857
balram47@mailinator.com,welcome123,50000859
balram48@mailinator.com,welcome123,50000863
balram49@mailinator.com,welcome123,50000864
balram50@mailinator.com,welcome123,50000866
balram1@mailinator.com,welcome123,50000871
balram2@mailinator.com,welcome123,50000875
balram3@mailinator.com,welcome123,50000905
balram4@mailinator.com,welcome123,50000906
balram5@mailinator.com,welcome123,50000984
balram6@mailinator.com,welcome123,50000991
balram7@mailinator.com,welcome123,50000997
balram8@mailinator.com,welcome123,50000995
balram9@mailinator.com,welcome123,50000991
balram10@mailinator.com,welcome123,50000861
balram11@mailinator.com,welcome123,50000014
balram12@mailinator.com,welcome123,50000684
balram13@mailinator.com,welcome123,50000685
balram14@mailinator.com,welcome123,50000853
balram15@mailinator.com,welcome123,50000855
balram16@mailinator.com,welcome123,50000857
balram17@mailinator.com,welcome123,50000859
balram18@mailinator.com,welcome123,50000863
balram19@mailinator.com,welcome123,50000864
balram20@mailinator.com,welcome123,50000866
balram21@mailinator.com,welcome123,50000871
balram22@mailinator.com,welcome123,50000875
balram23@mailinator.com,welcome123,50000905
balram24@mailinator.com,welcome123,50000906
balram25@mailinator.com,welcome123,50000984
balram26@mailinator.com,welcome123,50000991
balram27@mailinator.com,welcome123,50000997
balram28@mailinator.com,welcome123,50000995
balram29@mailinator.com,welcome123,50000991
balram30@mailinator.com,welcome123,50000861
balram31@mailinator.com,welcome123,50000014
balram32@mailinator.com,welcome123,50000684
balram33@mailinator.com,welcome123,50000685
balram34@mailinator.com,welcome123,50000853
balram35@mailinator.com,welcome123,50000855
balram36@mailinator.com,welcome123,50000857
balram37@mailinator.com,welcome123,50000859
balram38@mailinator.com,welcome123,50000863
balram39@mailinator.com,welcome123,50000864
balram40@mailinator.com,welcome123,50000866
balram41@mailinator.com,welcome123,50000871
balram42@mailinator.com,welcome123,50000875
balram43@mailinator.com,welcome123,50000905
balram44@mailinator.com,welcome123,50000906
balram45@mailinator.com,welcome123,50000984
balram46@mailinator.com,welcome123,50000991
balram47@mailinator.com,welcome123,50000997
balram48@mailinator.com,welcome123,50000995
balram49@mailinator.com,welcome123,50000991
balram50@mailinator.com,welcome123,50000861
balram1@mailinator.com,welcome123,50000014
balram2@mailinator.com,welcome123,50000684
balram3@mailinator.com,welcome123,50000685
balram4@mailinator.com,welcome123,50000853
balram5@mailinator.com,welcome123,50000855
balram6@mailinator.com,welcome123,50000857
balram7@mailinator.com,welcome123,50000859
balram8@mailinator.com,welcome123,50000863
balram9@mailinator.com,welcome123,50000864
balram10@mailinator.com,welcome123,50000866
balram11@mailinator.com,welcome123,50000871
balram12@mailinator.com,welcome123,50000875
balram13@mailinator.com,welcome123,50000905
balram14@mailinator.com,welcome123,50000906
balram15@mailinator.com,welcome123,50000984
balram16@mailinator.com,welcome123,50000991
balram17@mailinator.com,welcome123,50000997
balram18@mailinator.com,welcome123,50000995
balram19@mailinator.com,welcome123,50000991
balram20@mailinator.com,welcome123,50000861
balram21@mailinator.com,welcome123,50000014
balram22@mailinator.com,welcome123,50000684
balram23@mailinator.com,welcome123,50000685
balram24@mailinator.com,welcome123,50000853
balram25@mailinator.com,welcome123,50000855
balram26@mailinator.com,welcome123,50000857
balram27@mailinator.com,welcome123,50000859
balram28@mailinator.com,welcome123,50000863
balram29@mailinator.com,welcome123,50000864
balram30@mailinator.com,welcome123,50000866
balram31@mailinator.com,welcome123,50000871
balram32@mailinator.com,welcome123,50000875
balram33@mailinator.com,welcome123,50000905
balram34@mailinator.com,welcome123,50000906
balram35@mailinator.com,welcome123,50000984
balram36@mailinator.com,welcome123,50000991
balram37@mailinator.com,welcome123,50000997
balram38@mailinator.com,welcome123,50000995
balram39@mailinator.com,welcome123,50000991
balram40@mailinator.com,welcome123,50000861
balram41@mailinator.com,welcome123,50000014
balram42@mailinator.com,welcome123,50000684
balram43@mailinator.com,welcome123,50000685
balram44@mailinator.com,welcome123,50000853
balram45@mailinator.com,welcome123,50000855
balram46@mailinator.com,welcome123,50000857
balram47@mailinator.com,welcome123,50000859
balram48@mailinator.com,welcome123,50000863
balram49@mailinator.com,welcome123,50000864
balram50@mailinator.com,welcome123,50000866
balram1@mailinator.com,welcome123,50000871
balram2@mailinator.com,welcome123,50000875
balram3@mailinator.com,welcome123,50000905
balram4@mailinator.com,welcome123,50000906
balram5@mailinator.com,welcome123,50000984
balram6@mailinator.com,welcome123,50000991
balram7@mailinator.com,welcome123,50000997
balram8@mailinator.com,welcome123,50000995
balram9@mailinator.com,welcome123,50000991
balram10@mailinator.com,welcome123,50000861
balram11@mailinator.com,welcome123,50000014
balram12@mailinator.com,welcome123,50000684
balram13@mailinator.com,welcome123,50000685
balram14@mailinator.com,welcome123,50000853
balram15@mailinator.com,welcome123,50000855
balram16@mailinator.com,welcome123,50000857
balram17@mailinator.com,welcome123,50000859
balram18@mailinator.com,welcome123,50000863
balram19@mailinator.com,welcome123,50000864
balram20@mailinator.com,welcome123,50000866
balram21@mailinator.com,welcome123,50000871
balram22@mailinator.com,welcome123,50000875
balram23@mailinator.com,welcome123,50000905
balram24@mailinator.com,welcome123,50000906
balram25@mailinator.com,welcome123,50000984
balram26@mailinator.com,welcome123,50000991
balram27@mailinator.com,welcome123,50000997
balram28@mailinator.com,welcome123,50000995
balram29@mailinator.com,welcome123,50000991
balram30@mailinator.com,welcome123,50000861
balram31@mailinator.com,welcome123,50000014
balram32@mailinator.com,welcome123,50000684
balram33@mailinator.com,welcome123,50000685
balram34@mailinator.com,welcome123,50000853
balram35@mailinator.com,welcome123,50000855
balram36@mailinator.com,welcome123,50000857
balram37@mailinator.com,welcome123,50000859
balram38@mailinator.com,welcome123,50000863
balram39@mailinator.com,welcome123,50000864
balram40@mailinator.com,welcome123,50000866
balram41@mailinator.com,welcome123,50000871
balram42@mailinator.com,welcome123,50000875
balram43@mailinator.com,welcome123,50000905
balram44@mailinator.com,welcome123,50000906
balram45@mailinator.com,welcome123,50000984
balram46@mailinator.com,welcome123,50000991
balram47@mailinator.com,welcome123,50000997
balram48@mailinator.com,welcome123,50000995
balram49@mailinator.com,welcome123,50000991
balram50@mailinator.com,welcome123,50000861
balram1@mailinator.com,welcome123,50000014
balram2@mailinator.com,welcome123,50000684
balram3@mailinator.com,welcome123,50000685
balram4@mailinator.com,welcome123,50000853
balram5@mailinator.com,welcome123,50000855
balram6@mailinator.com,welcome123,50000857
balram7@mailinator.com,welcome123,50000859
balram8@mailinator.com,welcome123,50000863
balram9@mailinator.com,welcome123,50000864
balram10@mailinator.com,welcome123,50000866
balram11@mailinator.com,welcome123,50000871
balram12@mailinator.com,welcome123,50000875
balram13@mailinator.com,welcome123,50000905
balram14@mailinator.com,welcome123,50000906
balram15@mailinator.com,welcome123,50000984
balram16@mailinator.com,welcome123,50000991
balram17@mailinator.com,welcome123,50000997
balram18@mailinator.com,welcome123,50000995
balram19@mailinator.com,welcome123,50000991
balram20@mailinator.com,welcome123,50000861
balram21@mailinator.com,welcome123,50000014
balram22@mailinator.com,welcome123,50000684
balram23@mailinator.com,welcome123,50000685
balram24@mailinator.com,welcome123,50000853
balram25@mailinator.com,welcome123,50000855
balram26@mailinator.com,welcome123,50000857
balram27@mailinator.com,welcome123,50000859
balram28@mailinator.com,welcome123,50000863
balram29@mailinator.com,welcome123,50000864
balram30@mailinator.com,welcome123,50000866
balram31@mailinator.com,welcome123,50000871
balram32@mailinator.com,welcome123,50000875
balram33@mailinator.com,welcome123,50000905
balram34@mailinator.com,welcome123,50000906
balram35@mailinator.com,welcome123,50000984
balram36@mailinator.com,welcome123,50000991
balram37@mailinator.com,welcome123,50000997
balram38@mailinator.com,welcome123,50000995
balram39@mailinator.com,welcome123,50000991
balram40@mailinator.com,welcome123,50000861
balram41@mailinator.com,welcome123,50000014
balram42@mailinator.com,welcome123,50000684
balram43@mailinator.com,welcome123,50000685
balram44@mailinator.com,welcome123,50000853
balram45@mailinator.com,welcome123,50000855
balram46@mailinator.com,welcome123,50000857
balram47@mailinator.com,welcome123,50000859
balram48@mailinator.com,welcome123,50000863
balram49@mailinator.com,welcome123,50000864
balram50@mailinator.com,welcome123,50000866
balram1@mailinator.com,welcome123,50000871
balram2@mailinator.com,welcome123,50000875
balram3@mailinator.com,welcome123,50000905
balram4@mailinator.com,welcome123,50000906
balram5@mailinator.com,welcome123,50000984
balram6@mailinator.com,welcome123,50000991
balram7@mailinator.com,welcome123,50000997
balram8@mailinator.com,welcome123,50000995
balram9@mailinator.com,welcome123,50000991
balram10@mailinator.com,welcome123,50000861
balram11@mailinator.com,welcome123,50000014
balram12@mailinator.com,welcome123,50000684
balram13@mailinator.com,welcome123,50000685
balram14@mailinator.com,welcome123,50000853
balram15@mailinator.com,welcome123,50000855
balram16@mailinator.com,welcome123,50000857
balram17@mailinator.com,welcome123,50000859
balram18@mailinator.com,welcome123,50000863
balram19@mailinator.com,welcome123,50000864
balram20@mailinator.com,welcome123,50000866
balram21@mailinator.com,welcome123,50000871
balram22@mailinator.com,welcome123,50000875
balram23@mailinator.com,welcome123,50000905
balram24@mailinator.com,welcome123,50000906
balram25@mailinator.com,welcome123,50000984
balram26@mailinator.com,welcome123,50000991
balram27@mailinator.com,welcome123,50000997
balram28@mailinator.com,welcome123,50000995
balram29@mailinator.com,welcome123,50000991
balram30@mailinator.com,welcome123,50000861
balram31@mailinator.com,welcome123,50000014
balram32@mailinator.com,welcome123,50000684
balram33@mailinator.com,welcome123,50000685
balram34@mailinator.com,welcome123,50000853
balram35@mailinator.com,welcome123,50000855
balram36@mailinator.com,welcome123,50000857
balram37@mailinator.com,welcome123,50000859
balram38@mailinator.com,welcome123,50000863
balram39@mailinator.com,welcome123,50000864
balram40@mailinator.com,welcome123,50000866
balram41@mailinator.com,welcome123,50000871
balram42@mailinator.com,welcome123,50000875
balram43@mailinator.com,welcome123,50000905
balram44@mailinator.com,welcome123,50000906
balram45@mailinator.com,welcome123,50000984
balram46@mailinator.com,welcome123,50000991
balram47@mailinator.com,welcome123,50000997
balram48@mailinator.com,welcome123,50000995
balram49@mailinator.com,welcome123,50000991
balram50@mailinator.com,welcome123,50000861
balram1@mailinator.com,welcome123,50000014
balram2@mailinator.com,welcome123,50000684
balram3@mailinator.com,welcome123,50000685
balram4@mailinator.com,welcome123,50000853
balram5@mailinator.com,welcome123,50000855
balram6@mailinator.com,welcome123,50000857
balram7@mailinator.com,welcome123,50000859
balram8@mailinator.com,welcome123,50000863
balram9@mailinator.com,welcome123,50000864
balram10@mailinator.com,welcome123,50000866
balram11@mailinator.com,welcome123,50000871
balram12@mailinator.com,welcome123,50000875
balram13@mailinator.com,welcome123,50000905
balram14@mailinator.com,welcome123,50000906
balram15@mailinator.com,welcome123,50000984
balram16@mailinator.com,welcome123,50000991
balram17@mailinator.com,welcome123,50000997
balram18@mailinator.com,welcome123,50000995
balram19@mailinator.com,welcome123,50000991
balram20@mailinator.com,welcome123,50000861
balram21@mailinator.com,welcome123,50000014
balram22@mailinator.com,welcome123,50000684
balram23@mailinator.com,welcome123,50000685
balram24@mailinator.com,welcome123,50000853
balram25@mailinator.com,welcome123,50000855
balram26@mailinator.com,welcome123,50000857
balram27@mailinator.com,welcome123,50000859
balram28@mailinator.com,welcome123,50000863
balram29@mailinator.com,welcome123,50000864
balram30@mailinator.com,welcome123,50000866
balram31@mailinator.com,welcome123,50000871
balram32@mailinator.com,welcome123,50000875
balram33@mailinator.com,welcome123,50000905
balram34@mailinator.com,welcome123,50000906
balram35@mailinator.com,welcome123,50000984
balram36@mailinator.com,welcome123,50000991
balram37@mailinator.com,welcome123,50000997
balram38@mailinator.com,welcome123,50000995
balram39@mailinator.com,welcome123,50000991
balram40@mailinator.com,welcome123,50000861
balram41@mailinator.com,welcome123,50000014
balram42@mailinator.com,welcome123,50000684
balram43@mailinator.com,welcome123,50000685
balram44@mailinator.com,welcome123,50000853
balram45@mailinator.com,welcome123,50000855
balram46@mailinator.com,welcome123,50000857
balram47@mailinator.com,welcome123,50000859
balram48@mailinator.com,welcome123,50000863
balram49@mailinator.com,welcome123,50000864
balram50@mailinator.com,welcome123,50000866
balram1@mailinator.com,welcome123,50000871
balram2@mailinator.com,welcome123,50000875
balram3@mailinator.com,welcome123,50000905
balram4@mailinator.com,welcome123,50000906
balram5@mailinator.com,welcome123,50000984
balram6@mailinator.com,welcome123,50000991
balram7@mailinator.com,welcome123,50000997
balram8@mailinator.com,welcome123,50000995
balram9@mailinator.com,welcome123,50000991
balram10@mailinator.com,welcome123,50000861
balram11@mailinator.com,welcome123,50000014
balram12@mailinator.com,welcome123,50000684
balram13@mailinator.com,welcome123,50000685
balram14@mailinator.com,welcome123,50000853
balram15@mailinator.com,welcome123,50000855
balram16@mailinator.com,welcome123,50000857
balram17@mailinator.com,welcome123,50000859
balram18@mailinator.com,welcome123,50000863
balram19@mailinator.com,welcome123,50000864
balram20@mailinator.com,welcome123,50000866
balram21@mailinator.com,welcome123,50000871
balram22@mailinator.com,welcome123,50000875
balram23@mailinator.com,welcome123,50000905
balram24@mailinator.com,welcome123,50000906
balram25@mailinator.com,welcome123,50000984
balram26@mailinator.com,welcome123,50000991
balram27@mailinator.com,welcome123,50000997
balram28@mailinator.com,welcome123,50000995
balram29@mailinator.com,welcome123,50000991
balram30@mailinator.com,welcome123,50000861
balram31@mailinator.com,welcome123,50000014
balram32@mailinator.com,welcome123,50000684
balram33@mailinator.com,welcome123,50000685
balram34@mailinator.com,welcome123,50000853
balram35@mailinator.com,welcome123,50000855
balram36@mailinator.com,welcome123,50000857
balram37@mailinator.com,welcome123,50000859
balram38@mailinator.com,welcome123,50000863
balram39@mailinator.com,welcome123,50000864
balram40@mailinator.com,welcome123,50000866
balram41@mailinator.com,welcome123,50000871
balram42@mailinator.com,welcome123,50000875
balram43@mailinator.com,welcome123,50000905
balram44@mailinator.com,welcome123,50000906
balram45@mailinator.com,welcome123,50000984
balram46@mailinator.com,welcome123,50000991
balram47@mailinator.com,welcome123,50000997
balram48@mailinator.com,welcome123,50000995
balram49@mailinator.com,welcome123,50000991
balram50@mailinator.com,welcome123,50000861
