UserID,Password,Country,LLHierarchy,RefNumber,Year,Make,Model,LocYard,LotNotes
balram1@mailinator.com,welcome123,Germany,Chicago Office,123456,2010,Toyota,Camry,Germany Yard ,PerfTest001
balram2@mailinator.com,welcome123,Germany,LA Office,123457,2011,Toyota,Corolla,Germany Yard ,PerfTest002
balram3@mailinator.com,welcome123,Germany,San Fran Office,123458,2012,Honda,Accord,Germany Yard ,PerfTest003
balram4@mailinator.com,welcome123,India,Chicago Office,123459,2010,Honda,City,India Yard,PerfTest004
balram5@mailinator.com,welcome123,India,LA Office,123460,2012,Toyota,Camry,India Yard,PerfTest005
balram6@mailinator.com,welcome123,India,San Fran Office,123461,2012,Nissan,Micra,India Yard,PerfTest006
balram7@mailinator.com,welcome123,Spain,Chicago Office,123462,2012,Toyota,Corolla,Spain Yard ,PerfTest007
balram8@mailinator.com,welcome123,Spain,LA Office,123463,2009,Honda,Accord,Spain Yard ,PerfTest008
balram9@mailinator.com,welcome123,Spain,San Fran Office,123464,2013,Hyundai,Accent,Spain Yard ,PerfTest009
balram10@mailinator.com,welcome123,Germany,Chicago Office,123465,2010,Toyota,Camry,Germany Yard ,PerfTest010
balram11@mailinator.com,welcome123,Germany,LA Office,123466,2011,Toyota,Corolla,Germany Yard ,PerfTest011
balram12@mailinator.com,welcome123,Germany,San Fran Office,123467,2012,Honda,Accord,Germany Yard ,PerfTest012
balram13@mailinator.com,welcome123,India,Chicago Office,123468,2010,Honda,City,India Yard,PerfTest013
balram14@mailinator.com,welcome123,India,LA Office,123469,2012,Toyota,Camry,India Yard,PerfTest014
balram15@mailinator.com,welcome123,India,San Fran Office,123470,2012,Nissan,Micra,India Yard,PerfTest015
balram16@mailinator.com,welcome123,Spain,Chicago Office,123471,2012,Toyota,Corolla,Spain Yard ,PerfTest016
balram17@mailinator.com,welcome123,Spain,LA Office,123472,2009,Honda,Accord,Spain Yard ,PerfTest017
balram18@mailinator.com,welcome123,Spain,San Fran Office,123473,2013,Hyundai,Accent,Spain Yard ,PerfTest018
balram19@mailinator.com,welcome123,Germany,Chicago Office,123474,2010,Toyota,Camry,Germany Yard ,PerfTest019
balram20@mailinator.com,welcome123,Germany,LA Office,123475,2011,Toyota,Corolla,Germany Yard ,PerfTest020
balram21@mailinator.com,welcome123,Germany,San Fran Office,123476,2012,Honda,Accord,Germany Yard ,PerfTest021
balram22@mailinator.com,welcome123,India,Chicago Office,123477,2010,Honda,City,India Yard,PerfTest022
balram23@mailinator.com,welcome123,India,LA Office,123478,2012,Toyota,Camry,India Yard,PerfTest023
balram24@mailinator.com,welcome123,India,San Fran Office,123479,2012,Nissan,Micra,India Yard,PerfTest024
balram25@mailinator.com,welcome123,Spain,Chicago Office,123480,2012,Toyota,Corolla,Spain Yard ,PerfTest025
balram26@mailinator.com,welcome123,Spain,LA Office,123481,2009,Honda,Accord,Spain Yard ,PerfTest026
balram27@mailinator.com,welcome123,Spain,San Fran Office,123482,2013,Hyundai,Accent,Spain Yard ,PerfTest027
balram28@mailinator.com,welcome123,Germany,Chicago Office,123483,2010,Toyota,Camry,Germany Yard ,PerfTest028
balram29@mailinator.com,welcome123,Germany,LA Office,123484,2011,Toyota,Corolla,Germany Yard ,PerfTest029
balram30@mailinator.com,welcome123,Germany,San Fran Office,123485,2012,Honda,Accord,Germany Yard ,PerfTest030
balram31@mailinator.com,welcome123,India,Chicago Office,123486,2010,Honda,City,India Yard,PerfTest031
balram32@mailinator.com,welcome123,India,LA Office,123487,2012,Toyota,Camry,India Yard,PerfTest032
balram33@mailinator.com,welcome123,India,San Fran Office,123488,2012,Nissan,Micra,India Yard,PerfTest033
balram34@mailinator.com,welcome123,Spain,Chicago Office,123489,2012,Toyota,Corolla,Spain Yard ,PerfTest034
balram35@mailinator.com,welcome123,Spain,LA Office,123490,2009,Honda,Accord,Spain Yard ,PerfTest035
balram36@mailinator.com,welcome123,Spain,San Fran Office,123491,2013,Hyundai,Accent,Spain Yard ,PerfTest036
balram37@mailinator.com,welcome123,Germany,Chicago Office,123492,2010,Toyota,Camry,Germany Yard ,PerfTest037
balram38@mailinator.com,welcome123,Germany,LA Office,123493,2011,Toyota,Corolla,Germany Yard ,PerfTest038
balram39@mailinator.com,welcome123,Germany,San Fran Office,123494,2012,Honda,Accord,Germany Yard ,PerfTest039
balram40@mailinator.com,welcome123,India,Chicago Office,123495,2010,Honda,City,India Yard,PerfTest040
balram41@mailinator.com,welcome123,India,LA Office,123496,2012,Toyota,Camry,India Yard,PerfTest041
balram42@mailinator.com,welcome123,India,San Fran Office,123497,2012,Nissan,Micra,India Yard,PerfTest042
balram43@mailinator.com,welcome123,Spain,Chicago Office,123498,2012,Toyota,Corolla,Spain Yard ,PerfTest043
balram44@mailinator.com,welcome123,Spain,LA Office,123499,2009,Honda,Accord,Spain Yard ,PerfTest044
balram45@mailinator.com,welcome123,Spain,San Fran Office,123500,2013,Hyundai,Accent,Spain Yard ,PerfTest045
balram46@mailinator.com,welcome123,Germany,Chicago Office,123501,2010,Toyota,Camry,Germany Yard ,PerfTest046
balram47@mailinator.com,welcome123,Germany,LA Office,123502,2011,Toyota,Corolla,Germany Yard ,PerfTest047
balram48@mailinator.com,welcome123,Germany,San Fran Office,123503,2012,Honda,Accord,Germany Yard ,PerfTest048
balram49@mailinator.com,welcome123,India,Chicago Office,123504,2010,Honda,City,India Yard,PerfTest049
balram50@mailinator.com,welcome123,India,LA Office,123505,2012,Toyota,Camry,India Yard,PerfTest050
balram1@mailinator.com,welcome123,India,San Fran Office,123506,2012,Nissan,Micra,India Yard,PerfTest051
balram2@mailinator.com,welcome123,Spain,Chicago Office,123507,2012,Toyota,Corolla,Spain Yard ,PerfTest052
balram3@mailinator.com,welcome123,Spain,LA Office,123508,2009,Honda,Accord,Spain Yard ,PerfTest053
balram4@mailinator.com,welcome123,Spain,San Fran Office,123509,2013,Hyundai,Accent,Spain Yard ,PerfTest054
balram5@mailinator.com,welcome123,Germany,Chicago Office,123510,2010,Toyota,Camry,Germany Yard ,PerfTest055
balram6@mailinator.com,welcome123,Germany,LA Office,123511,2011,Toyota,Corolla,Germany Yard ,PerfTest056
balram7@mailinator.com,welcome123,Germany,San Fran Office,123512,2012,Honda,Accord,Germany Yard ,PerfTest057
balram8@mailinator.com,welcome123,India,Chicago Office,123513,2010,Honda,City,India Yard,PerfTest058
balram9@mailinator.com,welcome123,India,LA Office,123514,2012,Toyota,Camry,India Yard,PerfTest059
balram10@mailinator.com,welcome123,India,San Fran Office,123515,2012,Nissan,Micra,India Yard,PerfTest060
balram11@mailinator.com,welcome123,Spain,Chicago Office,123516,2012,Toyota,Corolla,Spain Yard ,PerfTest061
balram12@mailinator.com,welcome123,Spain,LA Office,123517,2009,Honda,Accord,Spain Yard ,PerfTest062
balram13@mailinator.com,welcome123,Spain,San Fran Office,123518,2013,Hyundai,Accent,Spain Yard ,PerfTest063
balram14@mailinator.com,welcome123,Germany,Chicago Office,123519,2010,Toyota,Camry,Germany Yard ,PerfTest064
balram15@mailinator.com,welcome123,Germany,LA Office,123520,2011,Toyota,Corolla,Germany Yard ,PerfTest065
balram16@mailinator.com,welcome123,Germany,San Fran Office,123521,2012,Honda,Accord,Germany Yard ,PerfTest066
balram17@mailinator.com,welcome123,India,Chicago Office,123522,2010,Honda,City,India Yard,PerfTest067
balram18@mailinator.com,welcome123,India,LA Office,123523,2012,Toyota,Camry,India Yard,PerfTest068
balram19@mailinator.com,welcome123,India,San Fran Office,123524,2012,Nissan,Micra,India Yard,PerfTest069
balram20@mailinator.com,welcome123,Spain,Chicago Office,123525,2012,Toyota,Corolla,Spain Yard ,PerfTest070
balram21@mailinator.com,welcome123,Spain,LA Office,123526,2009,Honda,Accord,Spain Yard ,PerfTest071
balram22@mailinator.com,welcome123,Spain,San Fran Office,123527,2013,Hyundai,Accent,Spain Yard ,PerfTest072
balram23@mailinator.com,welcome123,Germany,Chicago Office,123528,2010,Toyota,Camry,Germany Yard ,PerfTest073
balram24@mailinator.com,welcome123,Germany,LA Office,123529,2011,Toyota,Corolla,Germany Yard ,PerfTest074
balram25@mailinator.com,welcome123,Germany,San Fran Office,123530,2012,Honda,Accord,Germany Yard ,PerfTest075
balram26@mailinator.com,welcome123,India,Chicago Office,123531,2010,Honda,City,India Yard,PerfTest076
balram27@mailinator.com,welcome123,India,LA Office,123532,2012,Toyota,Camry,India Yard,PerfTest077
balram28@mailinator.com,welcome123,India,San Fran Office,123533,2012,Nissan,Micra,India Yard,PerfTest078
balram29@mailinator.com,welcome123,Spain,Chicago Office,123534,2012,Toyota,Corolla,Spain Yard ,PerfTest079
balram30@mailinator.com,welcome123,Spain,LA Office,123535,2009,Honda,Accord,Spain Yard ,PerfTest080
balram31@mailinator.com,welcome123,Spain,San Fran Office,123536,2013,Hyundai,Accent,Spain Yard ,PerfTest081
balram32@mailinator.com,welcome123,Germany,Chicago Office,123537,2010,Toyota,Camry,Germany Yard ,PerfTest082
balram33@mailinator.com,welcome123,Germany,LA Office,123538,2011,Toyota,Corolla,Germany Yard ,PerfTest083
balram34@mailinator.com,welcome123,Germany,San Fran Office,123539,2012,Honda,Accord,Germany Yard ,PerfTest084
balram35@mailinator.com,welcome123,India,Chicago Office,123540,2010,Honda,City,India Yard,PerfTest085
balram36@mailinator.com,welcome123,India,LA Office,123541,2012,Toyota,Camry,India Yard,PerfTest086
balram37@mailinator.com,welcome123,India,San Fran Office,123542,2012,Nissan,Micra,India Yard,PerfTest087
balram38@mailinator.com,welcome123,Spain,Chicago Office,123543,2012,Toyota,Corolla,Spain Yard ,PerfTest088
balram39@mailinator.com,welcome123,Spain,LA Office,123544,2009,Honda,Accord,Spain Yard ,PerfTest089
balram40@mailinator.com,welcome123,Spain,San Fran Office,123545,2013,Hyundai,Accent,Spain Yard ,PerfTest090
balram41@mailinator.com,welcome123,Germany,Chicago Office,123546,2010,Toyota,Camry,Germany Yard ,PerfTest091
balram42@mailinator.com,welcome123,Germany,LA Office,123547,2011,Toyota,Corolla,Germany Yard ,PerfTest092
balram43@mailinator.com,welcome123,Germany,San Fran Office,123548,2012,Honda,Accord,Germany Yard ,PerfTest093
balram44@mailinator.com,welcome123,India,Chicago Office,123549,2010,Honda,City,India Yard,PerfTest094
balram45@mailinator.com,welcome123,India,LA Office,123550,2012,Toyota,Camry,India Yard,PerfTest095
balram46@mailinator.com,welcome123,India,San Fran Office,123551,2012,Nissan,Micra,India Yard,PerfTest096
balram47@mailinator.com,welcome123,Spain,Chicago Office,123552,2012,Toyota,Corolla,Spain Yard ,PerfTest097
balram48@mailinator.com,welcome123,Spain,LA Office,123553,2009,Honda,Accord,Spain Yard ,PerfTest098
balram49@mailinator.com,welcome123,Spain,San Fran Office,123554,2013,Hyundai,Accent,Spain Yard ,PerfTest099
balram50@mailinator.com,welcome123,Germany,Chicago Office,123555,2010,Toyota,Camry,Germany Yard ,PerfTest100
balram1@mailinator.com,welcome123,Germany,LA Office,123556,2011,Toyota,Corolla,Germany Yard ,PerfTest101
balram2@mailinator.com,welcome123,Germany,San Fran Office,123557,2012,Honda,Accord,Germany Yard ,PerfTest102
balram3@mailinator.com,welcome123,India,Chicago Office,123558,2010,Honda,City,India Yard,PerfTest103
balram4@mailinator.com,welcome123,India,LA Office,123559,2012,Toyota,Camry,India Yard,PerfTest104
balram5@mailinator.com,welcome123,India,San Fran Office,123560,2012,Nissan,Micra,India Yard,PerfTest105
balram6@mailinator.com,welcome123,Spain,Chicago Office,123561,2012,Toyota,Corolla,Spain Yard ,PerfTest106
balram7@mailinator.com,welcome123,Spain,LA Office,123562,2009,Honda,Accord,Spain Yard ,PerfTest107
balram8@mailinator.com,welcome123,Spain,San Fran Office,123563,2013,Hyundai,Accent,Spain Yard ,PerfTest108
balram9@mailinator.com,welcome123,Germany,Chicago Office,123564,2010,Toyota,Camry,Germany Yard ,PerfTest109
balram10@mailinator.com,welcome123,Germany,LA Office,123565,2011,Toyota,Corolla,Germany Yard ,PerfTest110
balram11@mailinator.com,welcome123,Germany,San Fran Office,123566,2012,Honda,Accord,Germany Yard ,PerfTest111
balram12@mailinator.com,welcome123,India,Chicago Office,123567,2010,Honda,City,India Yard,PerfTest112
balram13@mailinator.com,welcome123,India,LA Office,123568,2012,Toyota,Camry,India Yard,PerfTest113
balram14@mailinator.com,welcome123,India,San Fran Office,123569,2012,Nissan,Micra,India Yard,PerfTest114
balram15@mailinator.com,welcome123,Spain,Chicago Office,123570,2012,Toyota,Corolla,Spain Yard ,PerfTest115
balram16@mailinator.com,welcome123,Spain,LA Office,123571,2009,Honda,Accord,Spain Yard ,PerfTest116
balram17@mailinator.com,welcome123,Spain,San Fran Office,123572,2013,Hyundai,Accent,Spain Yard ,PerfTest117
balram18@mailinator.com,welcome123,Germany,Chicago Office,123573,2010,Toyota,Camry,Germany Yard ,PerfTest118
balram19@mailinator.com,welcome123,Germany,LA Office,123574,2011,Toyota,Corolla,Germany Yard ,PerfTest119
balram20@mailinator.com,welcome123,Germany,San Fran Office,123575,2012,Honda,Accord,Germany Yard ,PerfTest120
balram21@mailinator.com,welcome123,India,Chicago Office,123576,2010,Honda,City,India Yard,PerfTest121
balram22@mailinator.com,welcome123,India,LA Office,123577,2012,Toyota,Camry,India Yard,PerfTest122
balram23@mailinator.com,welcome123,India,San Fran Office,123578,2012,Nissan,Micra,India Yard,PerfTest123
balram24@mailinator.com,welcome123,Spain,Chicago Office,123579,2012,Toyota,Corolla,Spain Yard ,PerfTest124
balram25@mailinator.com,welcome123,Spain,LA Office,123580,2009,Honda,Accord,Spain Yard ,PerfTest125
balram26@mailinator.com,welcome123,Spain,San Fran Office,123581,2013,Hyundai,Accent,Spain Yard ,PerfTest126
balram27@mailinator.com,welcome123,Germany,Chicago Office,123582,2010,Toyota,Camry,Germany Yard ,PerfTest127
balram28@mailinator.com,welcome123,Germany,LA Office,123583,2011,Toyota,Corolla,Germany Yard ,PerfTest128
balram29@mailinator.com,welcome123,Germany,San Fran Office,123584,2012,Honda,Accord,Germany Yard ,PerfTest129
balram30@mailinator.com,welcome123,India,Chicago Office,123585,2010,Honda,City,India Yard,PerfTest130
balram31@mailinator.com,welcome123,India,LA Office,123586,2012,Toyota,Camry,India Yard,PerfTest131
balram32@mailinator.com,welcome123,India,San Fran Office,123587,2012,Nissan,Micra,India Yard,PerfTest132
balram33@mailinator.com,welcome123,Spain,Chicago Office,123588,2012,Toyota,Corolla,Spain Yard ,PerfTest133
balram34@mailinator.com,welcome123,Spain,LA Office,123589,2009,Honda,Accord,Spain Yard ,PerfTest134
balram35@mailinator.com,welcome123,Spain,San Fran Office,123590,2013,Hyundai,Accent,Spain Yard ,PerfTest135
balram36@mailinator.com,welcome123,Germany,Chicago Office,123591,2010,Toyota,Camry,Germany Yard ,PerfTest136
balram37@mailinator.com,welcome123,Germany,LA Office,123592,2011,Toyota,Corolla,Germany Yard ,PerfTest137
balram38@mailinator.com,welcome123,Germany,San Fran Office,123593,2012,Honda,Accord,Germany Yard ,PerfTest138
balram39@mailinator.com,welcome123,India,Chicago Office,123594,2010,Honda,City,India Yard,PerfTest139
balram40@mailinator.com,welcome123,India,LA Office,123595,2012,Toyota,Camry,India Yard,PerfTest140
balram41@mailinator.com,welcome123,India,San Fran Office,123596,2012,Nissan,Micra,India Yard,PerfTest141
balram42@mailinator.com,welcome123,Spain,Chicago Office,123597,2012,Toyota,Corolla,Spain Yard ,PerfTest142
balram43@mailinator.com,welcome123,Spain,LA Office,123598,2009,Honda,Accord,Spain Yard ,PerfTest143
balram44@mailinator.com,welcome123,Spain,San Fran Office,123599,2013,Hyundai,Accent,Spain Yard ,PerfTest144
balram45@mailinator.com,welcome123,Germany,Chicago Office,123600,2010,Toyota,Camry,Germany Yard ,PerfTest145
balram46@mailinator.com,welcome123,Germany,LA Office,123601,2011,Toyota,Corolla,Germany Yard ,PerfTest146
balram47@mailinator.com,welcome123,Germany,San Fran Office,123602,2012,Honda,Accord,Germany Yard ,PerfTest147
balram48@mailinator.com,welcome123,India,Chicago Office,123603,2010,Honda,City,India Yard,PerfTest148
balram49@mailinator.com,welcome123,India,LA Office,123604,2012,Toyota,Camry,India Yard,PerfTest149
balram50@mailinator.com,welcome123,India,San Fran Office,123605,2012,Nissan,Micra,India Yard,PerfTest150
balram1@mailinator.com,welcome123,Spain,Chicago Office,123606,2012,Toyota,Corolla,Spain Yard ,PerfTest151
balram2@mailinator.com,welcome123,Spain,LA Office,123607,2009,Honda,Accord,Spain Yard ,PerfTest152
balram3@mailinator.com,welcome123,Spain,San Fran Office,123608,2013,Hyundai,Accent,Spain Yard ,PerfTest153
balram4@mailinator.com,welcome123,Germany,Chicago Office,123609,2010,Toyota,Camry,Germany Yard ,PerfTest154
balram5@mailinator.com,welcome123,Germany,LA Office,123610,2011,Toyota,Corolla,Germany Yard ,PerfTest155
balram6@mailinator.com,welcome123,Germany,San Fran Office,123611,2012,Honda,Accord,Germany Yard ,PerfTest156
balram7@mailinator.com,welcome123,India,Chicago Office,123612,2010,Honda,City,India Yard,PerfTest157
balram8@mailinator.com,welcome123,India,LA Office,123613,2012,Toyota,Camry,India Yard,PerfTest158
balram9@mailinator.com,welcome123,India,San Fran Office,123614,2012,Nissan,Micra,India Yard,PerfTest159
balram10@mailinator.com,welcome123,Spain,Chicago Office,123615,2012,Toyota,Corolla,Spain Yard ,PerfTest160
balram11@mailinator.com,welcome123,Spain,LA Office,123616,2009,Honda,Accord,Spain Yard ,PerfTest161
balram12@mailinator.com,welcome123,Spain,San Fran Office,123617,2013,Hyundai,Accent,Spain Yard ,PerfTest162
balram13@mailinator.com,welcome123,Germany,Chicago Office,123618,2010,Toyota,Camry,Germany Yard ,PerfTest163
balram14@mailinator.com,welcome123,Germany,LA Office,123619,2011,Toyota,Corolla,Germany Yard ,PerfTest164
balram15@mailinator.com,welcome123,Germany,San Fran Office,123620,2012,Honda,Accord,Germany Yard ,PerfTest165
balram16@mailinator.com,welcome123,India,Chicago Office,123621,2010,Honda,City,India Yard,PerfTest166
balram17@mailinator.com,welcome123,India,LA Office,123622,2012,Toyota,Camry,India Yard,PerfTest167
balram18@mailinator.com,welcome123,India,San Fran Office,123623,2012,Nissan,Micra,India Yard,PerfTest168
balram19@mailinator.com,welcome123,Spain,Chicago Office,123624,2012,Toyota,Corolla,Spain Yard ,PerfTest169
balram20@mailinator.com,welcome123,Spain,LA Office,123625,2009,Honda,Accord,Spain Yard ,PerfTest170
balram21@mailinator.com,welcome123,Spain,San Fran Office,123626,2013,Hyundai,Accent,Spain Yard ,PerfTest171
balram22@mailinator.com,welcome123,Germany,Chicago Office,123627,2010,Toyota,Camry,Germany Yard ,PerfTest172
balram23@mailinator.com,welcome123,Germany,LA Office,123628,2011,Toyota,Corolla,Germany Yard ,PerfTest173
balram24@mailinator.com,welcome123,Germany,San Fran Office,123629,2012,Honda,Accord,Germany Yard ,PerfTest174
balram25@mailinator.com,welcome123,India,Chicago Office,123630,2010,Honda,City,India Yard,PerfTest175
balram26@mailinator.com,welcome123,India,LA Office,123631,2012,Toyota,Camry,India Yard,PerfTest176
balram27@mailinator.com,welcome123,India,San Fran Office,123632,2012,Nissan,Micra,India Yard,PerfTest177
balram28@mailinator.com,welcome123,Spain,Chicago Office,123633,2012,Toyota,Corolla,Spain Yard ,PerfTest178
balram29@mailinator.com,welcome123,Spain,LA Office,123634,2009,Honda,Accord,Spain Yard ,PerfTest179
balram30@mailinator.com,welcome123,Spain,San Fran Office,123635,2013,Hyundai,Accent,Spain Yard ,PerfTest180
balram31@mailinator.com,welcome123,Germany,Chicago Office,123636,2010,Toyota,Camry,Germany Yard ,PerfTest181
balram32@mailinator.com,welcome123,Germany,LA Office,123637,2011,Toyota,Corolla,Germany Yard ,PerfTest182
balram33@mailinator.com,welcome123,Germany,San Fran Office,123638,2012,Honda,Accord,Germany Yard ,PerfTest183
balram34@mailinator.com,welcome123,India,Chicago Office,123639,2010,Honda,City,India Yard,PerfTest184
balram35@mailinator.com,welcome123,India,LA Office,123640,2012,Toyota,Camry,India Yard,PerfTest185
balram36@mailinator.com,welcome123,India,San Fran Office,123641,2012,Nissan,Micra,India Yard,PerfTest186
balram37@mailinator.com,welcome123,Spain,Chicago Office,123642,2012,Toyota,Corolla,Spain Yard ,PerfTest187
balram38@mailinator.com,welcome123,Spain,LA Office,123643,2009,Honda,Accord,Spain Yard ,PerfTest188
balram39@mailinator.com,welcome123,Spain,San Fran Office,123644,2013,Hyundai,Accent,Spain Yard ,PerfTest189
balram40@mailinator.com,welcome123,Germany,Chicago Office,123645,2010,Toyota,Camry,Germany Yard ,PerfTest190
balram41@mailinator.com,welcome123,Germany,LA Office,123646,2011,Toyota,Corolla,Germany Yard ,PerfTest191
balram42@mailinator.com,welcome123,Germany,San Fran Office,123647,2012,Honda,Accord,Germany Yard ,PerfTest192
balram43@mailinator.com,welcome123,India,Chicago Office,123648,2010,Honda,City,India Yard,PerfTest193
balram44@mailinator.com,welcome123,India,LA Office,123649,2012,Toyota,Camry,India Yard,PerfTest194
balram45@mailinator.com,welcome123,India,San Fran Office,123650,2012,Nissan,Micra,India Yard,PerfTest195
balram46@mailinator.com,welcome123,Spain,Chicago Office,123651,2012,Toyota,Corolla,Spain Yard ,PerfTest196
balram47@mailinator.com,welcome123,Spain,LA Office,123652,2009,Honda,Accord,Spain Yard ,PerfTest197
balram48@mailinator.com,welcome123,Spain,San Fran Office,123653,2013,Hyundai,Accent,Spain Yard ,PerfTest198
balram49@mailinator.com,welcome123,Germany,Chicago Office,123654,2010,Toyota,Camry,Germany Yard ,PerfTest199
balram50@mailinator.com,welcome123,Germany,LA Office,123655,2011,Toyota,Corolla,Germany Yard ,PerfTest200
balram1@mailinator.com,welcome123,Germany,San Fran Office,123656,2012,Honda,Accord,Germany Yard ,PerfTest201
balram2@mailinator.com,welcome123,India,Chicago Office,123657,2010,Honda,City,India Yard,PerfTest202
balram3@mailinator.com,welcome123,India,LA Office,123658,2012,Toyota,Camry,India Yard,PerfTest203
balram4@mailinator.com,welcome123,India,San Fran Office,123659,2012,Nissan,Micra,India Yard,PerfTest204
balram5@mailinator.com,welcome123,Spain,Chicago Office,123660,2012,Toyota,Corolla,Spain Yard ,PerfTest205
balram6@mailinator.com,welcome123,Spain,LA Office,123661,2009,Honda,Accord,Spain Yard ,PerfTest206
balram7@mailinator.com,welcome123,Spain,San Fran Office,123662,2013,Hyundai,Accent,Spain Yard ,PerfTest207
balram8@mailinator.com,welcome123,Germany,Chicago Office,123663,2010,Toyota,Camry,Germany Yard ,PerfTest208
balram9@mailinator.com,welcome123,Germany,LA Office,123664,2011,Toyota,Corolla,Germany Yard ,PerfTest209
balram10@mailinator.com,welcome123,Germany,San Fran Office,123665,2012,Honda,Accord,Germany Yard ,PerfTest210
balram11@mailinator.com,welcome123,India,Chicago Office,123666,2010,Honda,City,India Yard,PerfTest211
balram12@mailinator.com,welcome123,India,LA Office,123667,2012,Toyota,Camry,India Yard,PerfTest212
balram13@mailinator.com,welcome123,India,San Fran Office,123668,2012,Nissan,Micra,India Yard,PerfTest213
balram14@mailinator.com,welcome123,Spain,Chicago Office,123669,2012,Toyota,Corolla,Spain Yard ,PerfTest214
balram15@mailinator.com,welcome123,Spain,LA Office,123670,2009,Honda,Accord,Spain Yard ,PerfTest215
balram16@mailinator.com,welcome123,Spain,San Fran Office,123671,2013,Hyundai,Accent,Spain Yard ,PerfTest216
balram17@mailinator.com,welcome123,Germany,Chicago Office,123672,2010,Toyota,Camry,Germany Yard ,PerfTest217
balram18@mailinator.com,welcome123,Germany,LA Office,123673,2011,Toyota,Corolla,Germany Yard ,PerfTest218
balram19@mailinator.com,welcome123,Germany,San Fran Office,123674,2012,Honda,Accord,Germany Yard ,PerfTest219
balram20@mailinator.com,welcome123,India,Chicago Office,123675,2010,Honda,City,India Yard,PerfTest220
balram21@mailinator.com,welcome123,India,LA Office,123676,2012,Toyota,Camry,India Yard,PerfTest221
balram22@mailinator.com,welcome123,India,San Fran Office,123677,2012,Nissan,Micra,India Yard,PerfTest222
balram23@mailinator.com,welcome123,Spain,Chicago Office,123678,2012,Toyota,Corolla,Spain Yard ,PerfTest223
balram24@mailinator.com,welcome123,Spain,LA Office,123679,2009,Honda,Accord,Spain Yard ,PerfTest224
balram25@mailinator.com,welcome123,Spain,San Fran Office,123680,2013,Hyundai,Accent,Spain Yard ,PerfTest225
balram26@mailinator.com,welcome123,Germany,Chicago Office,123681,2010,Toyota,Camry,Germany Yard ,PerfTest226
balram27@mailinator.com,welcome123,Germany,LA Office,123682,2011,Toyota,Corolla,Germany Yard ,PerfTest227
balram28@mailinator.com,welcome123,Germany,San Fran Office,123683,2012,Honda,Accord,Germany Yard ,PerfTest228
balram29@mailinator.com,welcome123,India,Chicago Office,123684,2010,Honda,City,India Yard,PerfTest229
balram30@mailinator.com,welcome123,India,LA Office,123685,2012,Toyota,Camry,India Yard,PerfTest230
balram31@mailinator.com,welcome123,India,San Fran Office,123686,2012,Nissan,Micra,India Yard,PerfTest231
balram32@mailinator.com,welcome123,Spain,Chicago Office,123687,2012,Toyota,Corolla,Spain Yard ,PerfTest232
balram33@mailinator.com,welcome123,Spain,LA Office,123688,2009,Honda,Accord,Spain Yard ,PerfTest233
balram34@mailinator.com,welcome123,Spain,San Fran Office,123689,2013,Hyundai,Accent,Spain Yard ,PerfTest234
balram35@mailinator.com,welcome123,Germany,Chicago Office,123690,2010,Toyota,Camry,Germany Yard ,PerfTest235
balram36@mailinator.com,welcome123,Germany,LA Office,123691,2011,Toyota,Corolla,Germany Yard ,PerfTest236
balram37@mailinator.com,welcome123,Germany,San Fran Office,123692,2012,Honda,Accord,Germany Yard ,PerfTest237
balram38@mailinator.com,welcome123,India,Chicago Office,123693,2010,Honda,City,India Yard,PerfTest238
balram39@mailinator.com,welcome123,India,LA Office,123694,2012,Toyota,Camry,India Yard,PerfTest239
balram40@mailinator.com,welcome123,India,San Fran Office,123695,2012,Nissan,Micra,India Yard,PerfTest240
balram41@mailinator.com,welcome123,Spain,Chicago Office,123696,2012,Toyota,Corolla,Spain Yard ,PerfTest241
balram42@mailinator.com,welcome123,Spain,LA Office,123697,2009,Honda,Accord,Spain Yard ,PerfTest242
balram43@mailinator.com,welcome123,Spain,San Fran Office,123698,2013,Hyundai,Accent,Spain Yard ,PerfTest243
balram44@mailinator.com,welcome123,Germany,Chicago Office,123699,2010,Toyota,Camry,Germany Yard ,PerfTest244
balram45@mailinator.com,welcome123,Germany,LA Office,123700,2011,Toyota,Corolla,Germany Yard ,PerfTest245
balram46@mailinator.com,welcome123,Germany,San Fran Office,123701,2012,Honda,Accord,Germany Yard ,PerfTest246
balram47@mailinator.com,welcome123,India,Chicago Office,123702,2010,Honda,City,India Yard,PerfTest247
balram48@mailinator.com,welcome123,India,LA Office,123703,2012,Toyota,Camry,India Yard,PerfTest248
balram49@mailinator.com,welcome123,India,San Fran Office,123704,2012,Nissan,Micra,India Yard,PerfTest249
balram50@mailinator.com,welcome123,Spain,Chicago Office,123705,2012,Toyota,Corolla,Spain Yard ,PerfTest250
balram1@mailinator.com,welcome123,Spain,LA Office,123706,2009,Honda,Accord,Spain Yard ,PerfTest251
balram2@mailinator.com,welcome123,Spain,San Fran Office,123707,2013,Hyundai,Accent,Spain Yard ,PerfTest252
balram3@mailinator.com,welcome123,Germany,Chicago Office,123708,2010,Toyota,Camry,Germany Yard ,PerfTest253
balram4@mailinator.com,welcome123,Germany,LA Office,123709,2011,Toyota,Corolla,Germany Yard ,PerfTest254
balram5@mailinator.com,welcome123,Germany,San Fran Office,123710,2012,Honda,Accord,Germany Yard ,PerfTest255
balram6@mailinator.com,welcome123,India,Chicago Office,123711,2010,Honda,City,India Yard,PerfTest256
balram7@mailinator.com,welcome123,India,LA Office,123712,2012,Toyota,Camry,India Yard,PerfTest257
balram8@mailinator.com,welcome123,India,San Fran Office,123713,2012,Nissan,Micra,India Yard,PerfTest258
balram9@mailinator.com,welcome123,Spain,Chicago Office,123714,2012,Toyota,Corolla,Spain Yard ,PerfTest259
balram10@mailinator.com,welcome123,Spain,LA Office,123715,2009,Honda,Accord,Spain Yard ,PerfTest260
balram11@mailinator.com,welcome123,Spain,San Fran Office,123716,2013,Hyundai,Accent,Spain Yard ,PerfTest261
balram12@mailinator.com,welcome123,Germany,Chicago Office,123717,2010,Toyota,Camry,Germany Yard ,PerfTest262
balram13@mailinator.com,welcome123,Germany,LA Office,123718,2011,Toyota,Corolla,Germany Yard ,PerfTest263
balram14@mailinator.com,welcome123,Germany,San Fran Office,123719,2012,Honda,Accord,Germany Yard ,PerfTest264
balram15@mailinator.com,welcome123,India,Chicago Office,123720,2010,Honda,City,India Yard,PerfTest265
balram16@mailinator.com,welcome123,India,LA Office,123721,2012,Toyota,Camry,India Yard,PerfTest266
balram17@mailinator.com,welcome123,India,San Fran Office,123722,2012,Nissan,Micra,India Yard,PerfTest267
balram18@mailinator.com,welcome123,Spain,Chicago Office,123723,2012,Toyota,Corolla,Spain Yard ,PerfTest268
balram19@mailinator.com,welcome123,Spain,LA Office,123724,2009,Honda,Accord,Spain Yard ,PerfTest269
balram20@mailinator.com,welcome123,Spain,San Fran Office,123725,2013,Hyundai,Accent,Spain Yard ,PerfTest270
balram21@mailinator.com,welcome123,Germany,Chicago Office,123726,2010,Toyota,Camry,Germany Yard ,PerfTest271
balram22@mailinator.com,welcome123,Germany,LA Office,123727,2011,Toyota,Corolla,Germany Yard ,PerfTest272
balram23@mailinator.com,welcome123,Germany,San Fran Office,123728,2012,Honda,Accord,Germany Yard ,PerfTest273
balram24@mailinator.com,welcome123,India,Chicago Office,123729,2010,Honda,City,India Yard,PerfTest274
balram25@mailinator.com,welcome123,India,LA Office,123730,2012,Toyota,Camry,India Yard,PerfTest275
balram26@mailinator.com,welcome123,India,San Fran Office,123731,2012,Nissan,Micra,India Yard,PerfTest276
balram27@mailinator.com,welcome123,Spain,Chicago Office,123732,2012,Toyota,Corolla,Spain Yard ,PerfTest277
balram28@mailinator.com,welcome123,Spain,LA Office,123733,2009,Honda,Accord,Spain Yard ,PerfTest278
balram29@mailinator.com,welcome123,Spain,San Fran Office,123734,2013,Hyundai,Accent,Spain Yard ,PerfTest279
balram30@mailinator.com,welcome123,Germany,Chicago Office,123735,2010,Toyota,Camry,Germany Yard ,PerfTest280
balram31@mailinator.com,welcome123,Germany,LA Office,123736,2011,Toyota,Corolla,Germany Yard ,PerfTest281
balram32@mailinator.com,welcome123,Germany,San Fran Office,123737,2012,Honda,Accord,Germany Yard ,PerfTest282
balram33@mailinator.com,welcome123,India,Chicago Office,123738,2010,Honda,City,India Yard,PerfTest283
balram34@mailinator.com,welcome123,India,LA Office,123739,2012,Toyota,Camry,India Yard,PerfTest284
balram35@mailinator.com,welcome123,India,San Fran Office,123740,2012,Nissan,Micra,India Yard,PerfTest285
balram36@mailinator.com,welcome123,Spain,Chicago Office,123741,2012,Toyota,Corolla,Spain Yard ,PerfTest286
balram37@mailinator.com,welcome123,Spain,LA Office,123742,2009,Honda,Accord,Spain Yard ,PerfTest287
balram38@mailinator.com,welcome123,Spain,San Fran Office,123743,2013,Hyundai,Accent,Spain Yard ,PerfTest288
balram39@mailinator.com,welcome123,Germany,Chicago Office,123744,2010,Toyota,Camry,Germany Yard ,PerfTest289
balram40@mailinator.com,welcome123,Germany,LA Office,123745,2011,Toyota,Corolla,Germany Yard ,PerfTest290
balram41@mailinator.com,welcome123,Germany,San Fran Office,123746,2012,Honda,Accord,Germany Yard ,PerfTest291
balram42@mailinator.com,welcome123,India,Chicago Office,123747,2010,Honda,City,India Yard,PerfTest292
balram43@mailinator.com,welcome123,India,LA Office,123748,2012,Toyota,Camry,India Yard,PerfTest293
balram44@mailinator.com,welcome123,India,San Fran Office,123749,2012,Nissan,Micra,India Yard,PerfTest294
balram45@mailinator.com,welcome123,Spain,Chicago Office,123750,2012,Toyota,Corolla,Spain Yard ,PerfTest295
balram46@mailinator.com,welcome123,Spain,LA Office,123751,2009,Honda,Accord,Spain Yard ,PerfTest296
balram47@mailinator.com,welcome123,Spain,San Fran Office,123752,2013,Hyundai,Accent,Spain Yard ,PerfTest297
balram48@mailinator.com,welcome123,Germany,Chicago Office,123753,2010,Toyota,Camry,Germany Yard ,PerfTest298
balram49@mailinator.com,welcome123,Germany,LA Office,123754,2011,Toyota,Corolla,Germany Yard ,PerfTest299
balram50@mailinator.com,welcome123,Germany,San Fran Office,123755,2012,Honda,Accord,Germany Yard ,PerfTest300
balram1@mailinator.com,welcome123,India,Chicago Office,123756,2010,Honda,City,India Yard,PerfTest301
balram2@mailinator.com,welcome123,India,LA Office,123757,2012,Toyota,Camry,India Yard,PerfTest302
balram3@mailinator.com,welcome123,India,San Fran Office,123758,2012,Nissan,Micra,India Yard,PerfTest303
balram4@mailinator.com,welcome123,Spain,Chicago Office,123759,2012,Toyota,Corolla,Spain Yard ,PerfTest304
balram5@mailinator.com,welcome123,Spain,LA Office,123760,2009,Honda,Accord,Spain Yard ,PerfTest305
balram6@mailinator.com,welcome123,Spain,San Fran Office,123761,2013,Hyundai,Accent,Spain Yard ,PerfTest306
balram7@mailinator.com,welcome123,Germany,Chicago Office,123762,2010,Toyota,Camry,Germany Yard ,PerfTest307
balram8@mailinator.com,welcome123,Germany,LA Office,123763,2011,Toyota,Corolla,Germany Yard ,PerfTest308
balram9@mailinator.com,welcome123,Germany,San Fran Office,123764,2012,Honda,Accord,Germany Yard ,PerfTest309
balram10@mailinator.com,welcome123,India,Chicago Office,123765,2010,Honda,City,India Yard,PerfTest310
balram11@mailinator.com,welcome123,India,LA Office,123766,2012,Toyota,Camry,India Yard,PerfTest311
balram12@mailinator.com,welcome123,India,San Fran Office,123767,2012,Nissan,Micra,India Yard,PerfTest312
balram13@mailinator.com,welcome123,Spain,Chicago Office,123768,2012,Toyota,Corolla,Spain Yard ,PerfTest313
balram14@mailinator.com,welcome123,Spain,LA Office,123769,2009,Honda,Accord,Spain Yard ,PerfTest314
balram15@mailinator.com,welcome123,Spain,San Fran Office,123770,2013,Hyundai,Accent,Spain Yard ,PerfTest315
balram16@mailinator.com,welcome123,Germany,Chicago Office,123771,2010,Toyota,Camry,Germany Yard ,PerfTest316
balram17@mailinator.com,welcome123,Germany,LA Office,123772,2011,Toyota,Corolla,Germany Yard ,PerfTest317
balram18@mailinator.com,welcome123,Germany,San Fran Office,123773,2012,Honda,Accord,Germany Yard ,PerfTest318
balram19@mailinator.com,welcome123,India,Chicago Office,123774,2010,Honda,City,India Yard,PerfTest319
balram20@mailinator.com,welcome123,India,LA Office,123775,2012,Toyota,Camry,India Yard,PerfTest320
balram21@mailinator.com,welcome123,India,San Fran Office,123776,2012,Nissan,Micra,India Yard,PerfTest321
balram22@mailinator.com,welcome123,Spain,Chicago Office,123777,2012,Toyota,Corolla,Spain Yard ,PerfTest322
balram23@mailinator.com,welcome123,Spain,LA Office,123778,2009,Honda,Accord,Spain Yard ,PerfTest323
balram24@mailinator.com,welcome123,Spain,San Fran Office,123779,2013,Hyundai,Accent,Spain Yard ,PerfTest324
balram25@mailinator.com,welcome123,Germany,Chicago Office,123780,2010,Toyota,Camry,Germany Yard ,PerfTest325
balram26@mailinator.com,welcome123,Germany,LA Office,123781,2011,Toyota,Corolla,Germany Yard ,PerfTest326
balram27@mailinator.com,welcome123,Germany,San Fran Office,123782,2012,Honda,Accord,Germany Yard ,PerfTest327
balram28@mailinator.com,welcome123,India,Chicago Office,123783,2010,Honda,City,India Yard,PerfTest328
balram29@mailinator.com,welcome123,India,LA Office,123784,2012,Toyota,Camry,India Yard,PerfTest329
balram30@mailinator.com,welcome123,India,San Fran Office,123785,2012,Nissan,Micra,India Yard,PerfTest330
balram31@mailinator.com,welcome123,Spain,Chicago Office,123786,2012,Toyota,Corolla,Spain Yard ,PerfTest331
balram32@mailinator.com,welcome123,Spain,LA Office,123787,2009,Honda,Accord,Spain Yard ,PerfTest332
balram33@mailinator.com,welcome123,Spain,San Fran Office,123788,2013,Hyundai,Accent,Spain Yard ,PerfTest333
balram34@mailinator.com,welcome123,Germany,Chicago Office,123789,2010,Toyota,Camry,Germany Yard ,PerfTest334
balram35@mailinator.com,welcome123,Germany,LA Office,123790,2011,Toyota,Corolla,Germany Yard ,PerfTest335
balram36@mailinator.com,welcome123,Germany,San Fran Office,123791,2012,Honda,Accord,Germany Yard ,PerfTest336
balram37@mailinator.com,welcome123,India,Chicago Office,123792,2010,Honda,City,India Yard,PerfTest337
balram38@mailinator.com,welcome123,India,LA Office,123793,2012,Toyota,Camry,India Yard,PerfTest338
balram39@mailinator.com,welcome123,India,San Fran Office,123794,2012,Nissan,Micra,India Yard,PerfTest339
balram40@mailinator.com,welcome123,Spain,Chicago Office,123795,2012,Toyota,Corolla,Spain Yard ,PerfTest340
balram41@mailinator.com,welcome123,Spain,LA Office,123796,2009,Honda,Accord,Spain Yard ,PerfTest341
balram42@mailinator.com,welcome123,Spain,San Fran Office,123797,2013,Hyundai,Accent,Spain Yard ,PerfTest342
balram43@mailinator.com,welcome123,Germany,Chicago Office,123798,2010,Toyota,Camry,Germany Yard ,PerfTest343
balram44@mailinator.com,welcome123,Germany,LA Office,123799,2011,Toyota,Corolla,Germany Yard ,PerfTest344
balram45@mailinator.com,welcome123,Germany,San Fran Office,123800,2012,Honda,Accord,Germany Yard ,PerfTest345
balram46@mailinator.com,welcome123,India,Chicago Office,123801,2010,Honda,City,India Yard,PerfTest346
balram47@mailinator.com,welcome123,India,LA Office,123802,2012,Toyota,Camry,India Yard,PerfTest347
balram48@mailinator.com,welcome123,India,San Fran Office,123803,2012,Nissan,Micra,India Yard,PerfTest348
balram49@mailinator.com,welcome123,Spain,Chicago Office,123804,2012,Toyota,Corolla,Spain Yard ,PerfTest349
balram50@mailinator.com,welcome123,Spain,LA Office,123805,2009,Honda,Accord,Spain Yard ,PerfTest350
balram1@mailinator.com,welcome123,Spain,San Fran Office,123806,2013,Hyundai,Accent,Spain Yard ,PerfTest351
balram2@mailinator.com,welcome123,Germany,Chicago Office,123807,2010,Toyota,Camry,Germany Yard ,PerfTest352
balram3@mailinator.com,welcome123,Germany,LA Office,123808,2011,Toyota,Corolla,Germany Yard ,PerfTest353
balram4@mailinator.com,welcome123,Germany,San Fran Office,123809,2012,Honda,Accord,Germany Yard ,PerfTest354
balram5@mailinator.com,welcome123,India,Chicago Office,123810,2010,Honda,City,India Yard,PerfTest355
balram6@mailinator.com,welcome123,India,LA Office,123811,2012,Toyota,Camry,India Yard,PerfTest356
balram7@mailinator.com,welcome123,India,San Fran Office,123812,2012,Nissan,Micra,India Yard,PerfTest357
balram8@mailinator.com,welcome123,Spain,Chicago Office,123813,2012,Toyota,Corolla,Spain Yard ,PerfTest358
balram9@mailinator.com,welcome123,Spain,LA Office,123814,2009,Honda,Accord,Spain Yard ,PerfTest359
balram10@mailinator.com,welcome123,Spain,San Fran Office,123815,2013,Hyundai,Accent,Spain Yard ,PerfTest360
balram11@mailinator.com,welcome123,Germany,Chicago Office,123816,2010,Toyota,Camry,Germany Yard ,PerfTest361
balram12@mailinator.com,welcome123,Germany,LA Office,123817,2011,Toyota,Corolla,Germany Yard ,PerfTest362
balram13@mailinator.com,welcome123,Germany,San Fran Office,123818,2012,Honda,Accord,Germany Yard ,PerfTest363
balram14@mailinator.com,welcome123,India,Chicago Office,123819,2010,Honda,City,India Yard,PerfTest364
balram15@mailinator.com,welcome123,India,LA Office,123820,2012,Toyota,Camry,India Yard,PerfTest365
balram16@mailinator.com,welcome123,India,San Fran Office,123821,2012,Nissan,Micra,India Yard,PerfTest366
balram17@mailinator.com,welcome123,Spain,Chicago Office,123822,2012,Toyota,Corolla,Spain Yard ,PerfTest367
balram18@mailinator.com,welcome123,Spain,LA Office,123823,2009,Honda,Accord,Spain Yard ,PerfTest368
balram19@mailinator.com,welcome123,Spain,San Fran Office,123824,2013,Hyundai,Accent,Spain Yard ,PerfTest369
balram20@mailinator.com,welcome123,Germany,Chicago Office,123825,2010,Toyota,Camry,Germany Yard ,PerfTest370
balram21@mailinator.com,welcome123,Germany,LA Office,123826,2011,Toyota,Corolla,Germany Yard ,PerfTest371
balram22@mailinator.com,welcome123,Germany,San Fran Office,123827,2012,Honda,Accord,Germany Yard ,PerfTest372
balram23@mailinator.com,welcome123,India,Chicago Office,123828,2010,Honda,City,India Yard,PerfTest373
balram24@mailinator.com,welcome123,India,LA Office,123829,2012,Toyota,Camry,India Yard,PerfTest374
balram25@mailinator.com,welcome123,India,San Fran Office,123830,2012,Nissan,Micra,India Yard,PerfTest375
balram26@mailinator.com,welcome123,Spain,Chicago Office,123831,2012,Toyota,Corolla,Spain Yard ,PerfTest376
balram27@mailinator.com,welcome123,Spain,LA Office,123832,2009,Honda,Accord,Spain Yard ,PerfTest377
balram28@mailinator.com,welcome123,Spain,San Fran Office,123833,2013,Hyundai,Accent,Spain Yard ,PerfTest378
balram29@mailinator.com,welcome123,Germany,Chicago Office,123834,2010,Toyota,Camry,Germany Yard ,PerfTest379
balram30@mailinator.com,welcome123,Germany,LA Office,123835,2011,Toyota,Corolla,Germany Yard ,PerfTest380
balram31@mailinator.com,welcome123,Germany,San Fran Office,123836,2012,Honda,Accord,Germany Yard ,PerfTest381
balram32@mailinator.com,welcome123,India,Chicago Office,123837,2010,Honda,City,India Yard,PerfTest382
balram33@mailinator.com,welcome123,India,LA Office,123838,2012,Toyota,Camry,India Yard,PerfTest383
balram34@mailinator.com,welcome123,India,San Fran Office,123839,2012,Nissan,Micra,India Yard,PerfTest384
balram35@mailinator.com,welcome123,Spain,Chicago Office,123840,2012,Toyota,Corolla,Spain Yard ,PerfTest385
balram36@mailinator.com,welcome123,Spain,LA Office,123841,2009,Honda,Accord,Spain Yard ,PerfTest386
balram37@mailinator.com,welcome123,Spain,San Fran Office,123842,2013,Hyundai,Accent,Spain Yard ,PerfTest387
balram38@mailinator.com,welcome123,Germany,Chicago Office,123843,2010,Toyota,Camry,Germany Yard ,PerfTest388
balram39@mailinator.com,welcome123,Germany,LA Office,123844,2011,Toyota,Corolla,Germany Yard ,PerfTest389
balram40@mailinator.com,welcome123,Germany,San Fran Office,123845,2012,Honda,Accord,Germany Yard ,PerfTest390
balram41@mailinator.com,welcome123,India,Chicago Office,123846,2010,Honda,City,India Yard,PerfTest391
balram42@mailinator.com,welcome123,India,LA Office,123847,2012,Toyota,Camry,India Yard,PerfTest392
balram43@mailinator.com,welcome123,India,San Fran Office,123848,2012,Nissan,Micra,India Yard,PerfTest393
balram44@mailinator.com,welcome123,Spain,Chicago Office,123849,2012,Toyota,Corolla,Spain Yard ,PerfTest394
balram45@mailinator.com,welcome123,Spain,LA Office,123850,2009,Honda,Accord,Spain Yard ,PerfTest395
balram46@mailinator.com,welcome123,Spain,San Fran Office,123851,2013,Hyundai,Accent,Spain Yard ,PerfTest396
balram47@mailinator.com,welcome123,Germany,Chicago Office,123852,2010,Toyota,Camry,Germany Yard ,PerfTest397
balram48@mailinator.com,welcome123,Germany,LA Office,123853,2011,Toyota,Corolla,Germany Yard ,PerfTest398
balram49@mailinator.com,welcome123,Germany,San Fran Office,123854,2012,Honda,Accord,Germany Yard ,PerfTest399
balram50@mailinator.com,welcome123,India,Chicago Office,123855,2010,Honda,City,India Yard,PerfTest400
