UserID,Password,LotNumbers
testdepiv3@outlook.com,copart111,50003134
testdepiv4@outlook.com,copart123,50003135
testdepiv3@outlook.com,copart111,50003136
testdepiv4@outlook.com,copart123,50003137
testdepiv3@outlook.com,copart111,50003138
testdepiv4@outlook.com,copart123,50003134
testdepiv3@outlook.com,copart111,50003135
testdepiv4@outlook.com,copart123,50003136
testdepiv3@outlook.com,copart111,50003137
testdepiv4@outlook.com,copart123,50003138
testdepiv3@outlook.com,copart111,50003134
testdepiv4@outlook.com,copart123,50003135
testdepiv3@outlook.com,copart111,50003136
testdepiv4@outlook.com,copart123,50003137
testdepiv3@outlook.com,copart111,50003138
testdepiv4@outlook.com,copart123,50003134
testdepiv3@outlook.com,copart111,50003135
testdepiv4@outlook.com,copart123,50003136
testdepiv3@outlook.com,copart111,50003137
testdepiv4@outlook.com,copart123,50003138
testdepiv3@outlook.com,copart111,50003134
testdepiv4@outlook.com,copart123,50003135
testdepiv3@outlook.com,copart111,50003136
testdepiv4@outlook.com,copart123,50003137
testdepiv3@outlook.com,copart111,50003138
testdepiv4@outlook.com,copart123,50003134
testdepiv3@outlook.com,copart111,50003135
testdepiv4@outlook.com,copart123,50003136
testdepiv3@outlook.com,copart111,50003137
testdepiv4@outlook.com,copart123,50003138
testdepiv3@outlook.com,copart111,50003134
testdepiv4@outlook.com,copart123,50003135
testdepiv3@outlook.com,copart111,50003136
testdepiv4@outlook.com,copart123,50003137
testdepiv3@outlook.com,copart111,50003138
testdepiv4@outlook.com,copart123,50003134
testdepiv3@outlook.com,copart111,50003135
testdepiv4@outlook.com,copart123,50003136
testdepiv3@outlook.com,copart111,50003137
testdepiv4@outlook.com,copart123,50003138
testdepiv3@outlook.com,copart111,50003134
testdepiv4@outlook.com,copart123,50003135
testdepiv3@outlook.com,copart111,50003136
testdepiv4@outlook.com,copart123,50003137
testdepiv3@outlook.com,copart111,50003138
testdepiv4@outlook.com,copart123,50003134
testdepiv3@outlook.com,copart111,50003135
testdepiv4@outlook.com,copart123,50003136
testdepiv3@outlook.com,copart111,50003137
testdepiv4@outlook.com,copart123,50003138
testdepiv3@outlook.com,copart111,50003134
testdepiv4@outlook.com,copart123,50003135
testdepiv3@outlook.com,copart111,50003136
testdepiv4@outlook.com,copart123,50003137
testdepiv3@outlook.com,copart111,50003138
testdepiv4@outlook.com,copart123,50003134
testdepiv3@outlook.com,copart111,50003135
testdepiv4@outlook.com,copart123,50003136
testdepiv3@outlook.com,copart111,50003137
testdepiv4@outlook.com,copart123,50003138
testdepiv3@outlook.com,copart111,50003134
testdepiv4@outlook.com,copart123,50003135
testdepiv3@outlook.com,copart111,50003136
testdepiv4@outlook.com,copart123,50003137
testdepiv3@outlook.com,copart111,50003138
testdepiv4@outlook.com,copart123,50003134
testdepiv3@outlook.com,copart111,50003135
testdepiv4@outlook.com,copart123,50003136
testdepiv3@outlook.com,copart111,50003137
testdepiv4@outlook.com,copart123,50003138
testdepiv3@outlook.com,copart111,50003134
testdepiv4@outlook.com,copart123,50003135
testdepiv3@outlook.com,copart111,50003136
testdepiv4@outlook.com,copart123,50003137
testdepiv3@outlook.com,copart111,50003138
testdepiv4@outlook.com,copart123,50003134
testdepiv3@outlook.com,copart111,50003135
testdepiv4@outlook.com,copart123,50003136
testdepiv3@outlook.com,copart111,50003137
testdepiv4@outlook.com,copart123,50003138
testdepiv3@outlook.com,copart111,50003134
testdepiv4@outlook.com,copart123,50003135
testdepiv3@outlook.com,copart111,50003136
testdepiv4@outlook.com,copart123,50003137
testdepiv3@outlook.com,copart111,50003138
testdepiv4@outlook.com,copart123,50003134
testdepiv3@outlook.com,copart111,50003135
testdepiv4@outlook.com,copart123,50003136
testdepiv3@outlook.com,copart111,50003137
testdepiv4@outlook.com,copart123,50003138
testdepiv3@outlook.com,copart111,50003134
testdepiv4@outlook.com,copart123,50003135
testdepiv3@outlook.com,copart111,50003136
testdepiv4@outlook.com,copart123,50003137
testdepiv3@outlook.com,copart111,50003138
testdepiv4@outlook.com,copart123,50003134
testdepiv3@outlook.com,copart111,50003135
testdepiv4@outlook.com,copart123,50003136
testdepiv3@outlook.com,copart111,50003137
testdepiv4@outlook.com,copart123,50003138
testdepiv3@outlook.com,copart111,50003134
testdepiv4@outlook.com,copart123,50003135
testdepiv3@outlook.com,copart111,50003136
testdepiv4@outlook.com,copart123,50003137
testdepiv3@outlook.com,copart111,50003138
testdepiv4@outlook.com,copart123,50003134
testdepiv3@outlook.com,copart111,50003135
testdepiv4@outlook.com,copart123,50003136
testdepiv3@outlook.com,copart111,50003137
testdepiv4@outlook.com,copart123,50003138
testdepiv3@outlook.com,copart111,50003134
testdepiv4@outlook.com,copart123,50003135
testdepiv3@outlook.com,copart111,50003136
testdepiv4@outlook.com,copart123,50003137
testdepiv3@outlook.com,copart111,50003138
testdepiv4@outlook.com,copart123,50003134
testdepiv3@outlook.com,copart111,50003135
testdepiv4@outlook.com,copart123,50003136
testdepiv3@outlook.com,copart111,50003137
testdepiv4@outlook.com,copart123,50003138
testdepiv3@outlook.com,copart111,50003134
testdepiv4@outlook.com,copart123,50003135
testdepiv3@outlook.com,copart111,50003136
testdepiv4@outlook.com,copart123,50003137
testdepiv3@outlook.com,copart111,50003138
testdepiv4@outlook.com,copart123,50003134
testdepiv3@outlook.com,copart111,50003135
testdepiv4@outlook.com,copart123,50003136
testdepiv3@outlook.com,copart111,50003137
testdepiv4@outlook.com,copart123,50003138
testdepiv3@outlook.com,copart111,50003134
testdepiv4@outlook.com,copart123,50003135
testdepiv3@outlook.com,copart111,50003136
testdepiv4@outlook.com,copart123,50003137
testdepiv3@outlook.com,copart111,50003138
testdepiv4@outlook.com,copart123,50003134
testdepiv3@outlook.com,copart111,50003135
testdepiv4@outlook.com,copart123,50003136
testdepiv3@outlook.com,copart111,50003137
testdepiv4@outlook.com,copart123,50003138
testdepiv3@outlook.com,copart111,50003134
testdepiv4@outlook.com,copart123,50003135
testdepiv3@outlook.com,copart111,50003136
testdepiv4@outlook.com,copart123,50003137
testdepiv3@outlook.com,copart111,50003138
testdepiv4@outlook.com,copart123,50003134
testdepiv3@outlook.com,copart111,50003135
testdepiv4@outlook.com,copart123,50003136
testdepiv3@outlook.com,copart111,50003137
testdepiv4@outlook.com,copart123,50003138
testdepiv3@outlook.com,copart111,50003134
testdepiv4@outlook.com,copart123,50003135
testdepiv3@outlook.com,copart111,50003136
testdepiv4@outlook.com,copart123,50003137
testdepiv3@outlook.com,copart111,50003138
testdepiv4@outlook.com,copart123,50003134
testdepiv3@outlook.com,copart111,50003135
testdepiv4@outlook.com,copart123,50003136
testdepiv3@outlook.com,copart111,50003137
testdepiv4@outlook.com,copart123,50003138
testdepiv3@outlook.com,copart111,50003134
testdepiv4@outlook.com,copart123,50003135
testdepiv3@outlook.com,copart111,50003136
testdepiv4@outlook.com,copart123,50003137
testdepiv3@outlook.com,copart111,50003138
testdepiv4@outlook.com,copart123,50003134
testdepiv3@outlook.com,copart111,50003135
testdepiv4@outlook.com,copart123,50003136
testdepiv3@outlook.com,copart111,50003137
testdepiv4@outlook.com,copart123,50003138
testdepiv3@outlook.com,copart111,50003134
testdepiv4@outlook.com,copart123,50003135
testdepiv3@outlook.com,copart111,50003136
testdepiv4@outlook.com,copart123,50003137
testdepiv3@outlook.com,copart111,50003138
testdepiv4@outlook.com,copart123,50003134
testdepiv3@outlook.com,copart111,50003135
testdepiv4@outlook.com,copart123,50003136
testdepiv3@outlook.com,copart111,50003137
testdepiv4@outlook.com,copart123,50003138
testdepiv3@outlook.com,copart111,50003134
testdepiv4@outlook.com,copart123,50003135
testdepiv3@outlook.com,copart111,50003136
testdepiv4@outlook.com,copart123,50003137
testdepiv3@outlook.com,copart111,50003138
testdepiv4@outlook.com,copart123,50003134
testdepiv3@outlook.com,copart111,50003135
testdepiv4@outlook.com,copart123,50003136
testdepiv3@outlook.com,copart111,50003137
testdepiv4@outlook.com,copart123,50003138
testdepiv3@outlook.com,copart111,50003134
testdepiv4@outlook.com,copart123,50003135
testdepiv3@outlook.com,copart111,50003136
testdepiv4@outlook.com,copart123,50003137
testdepiv3@outlook.com,copart111,50003138
testdepiv4@outlook.com,copart123,50003134
testdepiv3@outlook.com,copart111,50003135
testdepiv4@outlook.com,copart123,50003136
testdepiv3@outlook.com,copart111,50003137
testdepiv4@outlook.com,copart123,50003138
testdepiv3@outlook.com,copart111,50003134
testdepiv4@outlook.com,copart123,50003135
testdepiv3@outlook.com,copart111,50003136
testdepiv4@outlook.com,copart123,50003137
testdepiv3@outlook.com,copart111,50003138
testdepiv4@outlook.com,copart123,50003134
testdepiv3@outlook.com,copart111,50003135
testdepiv4@outlook.com,copart123,50003136
testdepiv3@outlook.com,copart111,50003137
testdepiv4@outlook.com,copart123,50003138
testdepiv3@outlook.com,copart111,50003134
testdepiv4@outlook.com,copart123,50003135
testdepiv3@outlook.com,copart111,50003136
testdepiv4@outlook.com,copart123,50003137
testdepiv3@outlook.com,copart111,50003138
testdepiv4@outlook.com,copart123,50003134
testdepiv3@outlook.com,copart111,50003135
testdepiv4@outlook.com,copart123,50003136
testdepiv3@outlook.com,copart111,50003137
testdepiv4@outlook.com,copart123,50003138
testdepiv3@outlook.com,copart111,50003134
testdepiv4@outlook.com,copart123,50003135
testdepiv3@outlook.com,copart111,50003136
testdepiv4@outlook.com,copart123,50003137
testdepiv3@outlook.com,copart111,50003138
testdepiv4@outlook.com,copart123,50003134
testdepiv3@outlook.com,copart111,50003135
testdepiv4@outlook.com,copart123,50003136
testdepiv3@outlook.com,copart111,50003137
testdepiv4@outlook.com,copart123,50003138
testdepiv3@outlook.com,copart111,50003134
testdepiv4@outlook.com,copart123,50003135
testdepiv3@outlook.com,copart111,50003136
testdepiv4@outlook.com,copart123,50003137
testdepiv3@outlook.com,copart111,50003138
testdepiv4@outlook.com,copart123,50003134
testdepiv3@outlook.com,copart111,50003135
testdepiv4@outlook.com,copart123,50003136
testdepiv3@outlook.com,copart111,50003137
testdepiv4@outlook.com,copart123,50003138
